Anthropology Major Concentration (B.A.) (36 credits),ANTH 352,ANTH 355,ANTH 357,ANTH 358,ANTH 359
Anthropology Honours (B.A.) (60 credits),ANTH 490,ANTH 352,ANTH 355,ANTH 357,ANTH 358,ANTH 359
Anthropology Joint Honours Component (B.A.) (36 credits),ANTH 491,ANTH 352,ANTH 355,ANTH 357,ANTH 358,ANTH 359
Art History Minor Concentration (B.A.) (18 credits),ARTH 302,ARTH 305,ARTH 315,ARTH 339,ARTH 357,ARTH 200,ARTH 202,ARTH 204,ARTH 205,ARTH 207,ARTH 209,ARTH 215,ARTH 223,ARTH 225,ARTH 226,ARTH 300,ARTH 302,ARTH 305,ARTH 310,ARTH 314,ARTH 315,ARTH 321,ARTH 323,ARTH 325,ARTH 326,ARTH 336,ARTH 339,ARTH 352,ARTH 353,ARTH 354,ARTH 357,ARTH 360,ARTH 368,ARTH 411,ARTH 420,ARTH 421,ARTH 422,ARTH 425,ARTH 430,ARTH 435,ARTH 440,ARTH 447,ARTH 473,ARTH 474,ARTH 490,ARTH 501,ARTH 502,ARCH 250,ARCH 251,PHIL 336,PHIL 436
Communication Studies Minor Concentration (Minor) (18 credits),COMS 210,COMS 200,COMS 230,COMS 300,COMS 301,COMS 310,COMS 320,COMS 330,COMS 340,COMS 350,COMS 354,COMS 355,COMS 361,COMS 362,COMS 400,COMS 410,COMS 411,COMS 425,COMS 435,COMS 490,COMS 491,COMS 492,COMS 495,COMS 497,COMS 510
Art History Major Concentration (B.A.) (36 credits),ARTH 302,ARTH 305,ARTH 315,ARTH 339,ARTH 357,ARTH 200,ARTH 202,ARTH 204,ARTH 205,ARTH 207,ARTH 209,ARTH 215,ARTH 223,ARTH 225,ARTH 226,ARTH 300,ARTH 302,ARTH 310,ARTH 314,ARTH 315,ARTH 321,ARTH 323,ARTH 325,ARTH 326,ARTH 336,ARTH 339,ARTH 352,ARTH 353,ARTH 354,ARTH 357,ARTH 360,ARTH 368,ARTH 411,ARTH 420,ARTH 421,ARTH 422,ARTH 425,ARTH 430,ARTH 435,ARTH 440,ARTH 447,ARTH 473,ARTH 474,ARTH 490,ARTH 501,ARTH 502,ARCH 250,ARCH 251,PHIL 336,PHIL 436
Art History Honours (B.A.) (54 credits),ARTH 400,ARTH 401,ARTH 302,ARTH 305,ARTH 315,ARTH 339,ARTH 357,ARTH 200,ARTH 202,ARTH 204,ARTH 205,ARTH 207,ARTH 209,ARTH 215,ARTH 223,ARTH 225,ARTH 226,ARTH 300,ARTH 302,ARTH 305,ARTH 310,ARTH 314,ARTH 315,ARTH 321,ARTH 323,ARTH 325,ARTH 326,ARTH 336,ARTH 339,ARTH 352,ARTH 353,ARTH 354,ARTH 357,ARTH 360,ARTH 368,ARTH 411,ARTH 420,ARTH 421,ARTH 422,ARTH 425,ARTH 430,ARTH 435,ARTH 440,ARTH 447,ARTH 473,ARTH 474,ARTH 490,ARTH 501,ARTH 502,ARCH 250,ARCH 251,PHIL 336,PHIL 436
Art History Joint Honours Component (B.A.) (36 credits),ARTH 400,ARTH 401,ARTH 302,ARTH 305,ARTH 315,ARTH 339,ARTH 357,ARTH 200,ARTH 202,ARTH 204,ARTH 205,ARTH 207,ARTH 209,ARTH 215,ARTH 223,ARTH 225,ARTH 226,ARTH 300,ARTH 302,ARTH 305,ARTH 310,ARTH 314,ARTH 315,ARTH 321,ARTH 323,ARTH 325,ARTH 326,ARTH 336,ARTH 339,ARTH 352,ARTH 353,ARTH 354,ARTH 357,ARTH 360,ARTH 368,ARTH 411,ARTH 420,ARTH 421,ARTH 422,ARTH 425,ARTH 430,ARTH 435,ARTH 440,ARTH 447,ARTH 473,ARTH 474,ARTH 490,ARTH 501,ARTH 502,ARCH 250,ARCH 251,PHIL 336,PHIL 436
Computer Science Minor Concentration (B.A.) (18 credits),COMP 202,COMP 206,COMP 250,MATH 133,MATH 140,COMP 230,COMP 251,COMP 273,MATH 240
Computer Science Supplementary Minor Concentration (B.A.) (18 credits),MATH 223,MATH 318,MATH 323,MATH 324,MATH 340
Computer Science Major Concentration (B.A.) (36 credits),COMP 202,COMP 206,COMP 250,COMP 251,COMP 273,MATH 240,MATH 222,MATH 323,MATH 324,MATH 223,MATH 318,MATH 340,COMP 330,COMP 350,COMP 360,COMP 302,COMP 303
Software Engineering Major Concentration (B.A.) (36 credits),COMP 202,COMP 206,COMP 250,COMP 251,COMP 273,COMP 302,COMP 303,COMP 421,MATH 223,MATH 240,ECSE 326,ECSE 437,ECSE 539,COMP 322,COMP 361D1,COMP 361D2,COMP 529,COMP 533
East Asian Language and Literature Minor Concentration (B.A.) (18 credits),EAST 211,EAST 212,EAST 213,EAST 220D1,EAST 220D2,EAST 230D1,EAST 230D2,EAST 240D1,EAST 240D2,EAST 241,EAST 242,EAST 320D1,EAST 320D2,EAST 330D1,EAST 330D2,EAST 340D1,EAST 340D2,EAST 341,EAST 342,EAST 420,EAST 430D1,EAST 430D2,EAST 440D1,EAST 440D2,EAST 530D1,EAST 530D2,EAST 533,EAST 535,EAST 536,EAST 540D1,EAST 540D2,EAST 303,EAST 304,EAST 305,EAST 306,EAST 307,EAST 308,EAST 313,EAST 314,EAST 350,EAST 351,EAST 352,EAST 353,EAST 361,EAST 362,EAST 363,EAST 364,EAST 369,EAST 370,EAST 372,EAST 375,EAST 377,EAST 388,EAST 410,EAST 453,EAST 454,EAST 461,EAST 462,EAST 464,EAST 467,EAST 468,EAST 477,EAST 478,EAST 491,EAST 492,EAST 493,EAST 494,EAST 501,EAST 502,EAST 503,EAST 504,EAST 505,EAST 515,EAST 525,EAST 550,EAST 551,EAST 559,EAST 564,EAST 569
East Asian Cultural Studies Minor Concentration (B.A.) (18 credits),EAST 211,EAST 212,EAST 213,EAST 215,EAST 250,EAST 279,EAST 303,EAST 304,EAST 305,EAST 306,EAST 307,EAST 308,EAST 311,EAST 313,EAST 314,EAST 350,EAST 351,EAST 352,EAST 353,EAST 361,EAST 362,EAST 363,EAST 364,EAST 369,EAST 370,EAST 372,EAST 375,EAST 377,EAST 388,EAST 402,EAST 410,EAST 445,EAST 453,EAST 454,EAST 461,EAST 462,EAST 464,EAST 467,EAST 468,EAST 477,EAST 478,EAST 491,EAST 492,EAST 493,EAST 494,EAST 501,EAST 502,EAST 503,EAST 504,EAST 505,EAST 515,EAST 525,EAST 550,EAST 559,EAST 564,EAST 569,LLCU 279,ANTH 331,ANTH 500,HIST 208,HIST 218,HIST 308,HIST 338,HIST 358,HIST 439,HIST 441,HIST 442,HIST 443,HIST 445,HIST 508,HIST 568D1,HIST 568D2,HIST 578D1,HIST 578D2,ORGB 380,POLI 349,RELG 253,RELG 264,RELG 265,RELG 344,RELG 352,RELG 354,RELG 364,RELG 365,RELG 451,RELG 464,RELG 465
East Asian Studies Major Concentration (B.A.) (36 credits),EAST 211,EAST 212,EAST 213,EAST 215,EAST 250,EAST 220D1,EAST 220D2,EAST 230D1,EAST 230D2,EAST 240D1,EAST 240D2,EAST 241,EAST 242,EAST 320D1,EAST 320D2,EAST 330D1,EAST 330D2,EAST 340D1,EAST 340D2,EAST 341,EAST 342,EAST 420,EAST 430D1,EAST 430D2,EAST 440D1,EAST 440D2,EAST 530D1,EAST 530D2,EAST 533,EAST 535,EAST 536,EAST 540D1,EAST 540D2,EAST 215,EAST 250,EAST 279,EAST 303,EAST 304,EAST 305,EAST 306,EAST 307,EAST 308,EAST 313,EAST 314,EAST 328,EAST 350,EAST 351,EAST 352,EAST 353,EAST 361,EAST 362,EAST 363,EAST 364,EAST 369,EAST 370,EAST 372,EAST 375,EAST 377,EAST 388,EAST 410,EAST 453,EAST 445,EAST 454,EAST 461,EAST 462,EAST 464,EAST 467,EAST 468,EAST 477,EAST 478,EAST 491,EAST 492,EAST 493,EAST 494,EAST 501,EAST 502,EAST 503,EAST 504,EAST 505,EAST 515,EAST 525,EAST 550,EAST 551,EAST 559,EAST 564,EAST 569,LLCU 279,ANTH 331,ANTH 500,GEOG 408,HIST 208,HIST 218,HIST 308,HIST 338,HIST 358,HIST 439,HIST 441,HIST 442,HIST 443,HIST 445,HIST 508,HIST 568D1,HIST 568D2,HIST 578D1,HIST 578D2,ORGB 380,POLI 349,RELG 253,RELG 264,RELG 265,RELG 344,RELG 352,RELG 354,RELG 364,RELG 365,RELG 451,RELG 464,RELG 465
East Asian Studies Honours (B.A.) (60 credits),EAST 498D1,EAST 498D2,EAST 211,EAST 212,EAST 213,EAST 215,EAST 250,EAST 220D1,EAST 220D2,EAST 230D1,EAST 230D2,EAST 240D1,EAST 240D2,EAST 241,EAST 242,EAST 320D1,EAST 320D2,EAST 330D1,EAST 330D2,EAST 340D1,EAST 340D2,EAST 341,EAST 342,EAST 420,EAST 430D1,EAST 430D2,EAST 440D1,EAST 440D2,EAST 530D1,EAST 530D2,EAST 533,EAST 540D1,EAST 540D2,EAST 303,EAST 304,EAST 305,EAST 306,EAST 307,EAST 308,EAST 313,EAST 314,EAST 350,EAST 351,EAST 352,EAST 353,EAST 361,EAST 362,EAST 363,EAST 364,EAST 369,EAST 370,EAST 372,EAST 375,EAST 377,EAST 388,EAST 410,EAST 453,EAST 454,EAST 461,EAST 462,EAST 464,EAST 467,EAST 468,EAST 477,EAST 478,EAST 491,EAST 492,EAST 493,EAST 494,EAST 501,EAST 502,EAST 503,EAST 504,EAST 505,EAST 515,EAST 525,EAST 550,EAST 551,EAST 559,EAST 564,EAST 569,ANTH 331,ANTH 500,GEOG 408,HIST 208,HIST 218,HIST 308,HIST 338,HIST 358,HIST 439,HIST 441,HIST 442,HIST 443,HIST 445,HIST 508,HIST 568D1,HIST 568D2,HIST 578D1,HIST 578D2,ORGB 380,POLI 349,RELG 253,RELG 264,RELG 265,RELG 344,RELG 352,RELG 354,RELG 364,RELG 365,RELG 451,RELG 464,RELG 465
East Asian Studies Joint Honours Component (B.A.) (36 credits),EAST 495D1,EAST 495D2,EAST 211,EAST 212,EAST 213,EAST 215,EAST 250,EAST 320D1,EAST 320D2,EAST 330D1,EAST 330D2,EAST 340D1,EAST 340D2,EAST 341,EAST 342,EAST 420,EAST 430D1,EAST 430D2,EAST 440D1,EAST 440D2,EAST 530D1,EAST 530D2,EAST 533,EAST 540D1,EAST 540D2,EAST 303,EAST 304,EAST 305,EAST 306,EAST 307,EAST 308,EAST 311,EAST 313,EAST 314,EAST 350,EAST 351,EAST 352,EAST 353,EAST 361,EAST 362,EAST 363,EAST 364,EAST 369,EAST 370,EAST 372,EAST 375,EAST 377,EAST 388,EAST 402,EAST 410,EAST 445,EAST 453,EAST 454,EAST 461,EAST 462,EAST 464,EAST 467,EAST 468,EAST 477,EAST 478,EAST 491,EAST 492,EAST 493,EAST 494,EAST 501,EAST 502,EAST 503,EAST 504,EAST 505,EAST 515,EAST 525,EAST 550,EAST 551,EAST 559,EAST 564,EAST 569
Economics Minor Concentration (B.A.) (18 credits),ECON 208,ECON 209,ECON 230D1,ECON 230D2
Economics Major Concentration (B.A.) (36 credits),ECON 227D1,ECON 227D2,ECON 230D1,ECON 230D2,ECON 332,ECON 333
Economics Honours (B.A.) (42 credits),MATH 133,MATH 140,MATH 141,ECON 250D1,ECON 250D2,ECON 257D1,ECON 257D2,ECON 353,ECON 354,ECON 450,ECON 452,ECON 468,ECON 460,ECON 461,ECON 469
Economics Joint Honours Component (B.A.) (30 credits),MATH 133,MATH 140,MATH 141,ECON 250D1,ECON 250D2,ECON 257D1,ECON 257D2,ECON 353,ECON 354,ECON 450,ECON 452,ECON 468,ECON 460,ECON 461,ECON 469
Economics / Accounting Joint Honours Component (B.A.) (60 credits),MATH 133,MATH 140,MATH 141,ECON 250D1,ECON 250D2,ECON 257D1,ECON 257D2,ECON 353,ECON 354,ECON 450,ECON 452,ECON 468,ECON 460,ECON 461,ECON 469,ACCT 351,ACCT 352,ACCT 361,ACCT 455,MGCR 211,MGCR 341,ACCT 354,ACCT 362,ACCT 385,ACCT 452,ACCT 453,ACCT 463,ACCT 475,ACCT 486
Economics / Finance Joint Honours Component (B.A.) (60 credits),MATH 133,MATH 140,MATH 141,ECON 250D1,ECON 250D2,ECON 257D1,ECON 257D2,ECON 353,ECON 354,ECON 450,ECON 452,ECON 468,FINE 342,FINE 441,FINE 443,FINE 547,MGCR 211,MGCR 341,ECON 460,ECON 461,ECON 469,FINE 442,FINE 448,FINE 449,FINE 451,FINE 452
Education for Arts Students Minor Concentration (B.A.) (18 credits),EDEC 260,EDPE 300,EDEC 233,EDEC 248,EDEC 249,EDEC 247,EDEM 220,EDEC 262,EDES 335,EDES 353,EDPE 304,EDPI 341
Educational Psychology Minor Concentration (B.A.) (18 credits),EDPE 335,EDPE 355,EDPE 555,EDPE 208,EDPE 304,EDPE 355,EDPE 377,EDPE 515,EDPE 535,EDPE 555,EDPI 341,EDPI 526,EDPI 527,EDPI 543
English - Literature Minor Concentration (B.A.) (18 credits),ENGL 202,ENGL 203,ENGL 315,ENGL 316,ENGL 357,ENGL 409,ENGL 416,ENGL 417,ENGL 418,ENGL 301,ENGL 302,ENGL 304,ENGL 305,ENGL 307,ENGL 308,ENGL 315,ENGL 316,ENGL 342,ENGL 347,ENGL 348,ENGL 349,ENGL 356,ENGL 357,ENGL 400,ENGL 401,ENGL 403,ENGL 416,ENGL 444,ENGL 452,ENGL 456,ENGL 199,ENGL 204,ENGL 237,ENGL 295,ENGL 297,ENGL 343,ENGL 345,ENGL 354,ENGL 364,ENGL 385AA,ENGL 394,ENGL 421,ENGL 424,ENGL 437,ENGL 438,ENGL 440,ENGL 444,ENGL 447,ENGL 460,ENGL 461
English - Drama and Theatre Minor Concentration (B.A.) (18 credits),ENGL 230,ENGL 306,ENGL 310,ENGL 312,ENGL 370,ENGL 371,ENGL 444,ENGL 467,ENGL 486,ENGL 306,ENGL 308,ENGL 310,ENGL 312,ENGL 315,ENGL 370,ENGL 416,ENGL 407,ENGL 413,ENGL 430,ENGL 431,ENGL 458,ENGL 459,ENGL 467,ENGL 486,ENGL 314,ENGL 434,EAST 464,MUHL 287,PHIL 242,PSYC 212
English - Cultural Studies Minor Concentration (B.A.) (18 credits),ENGL 275,ENGL 277,ENGL 315,ENGL 381,ENGL 418,ENGL 444,ENGL 481,ENGL 350,ENGL 351,ENGL 363,ENGL 374,ENGL 444,ENGL 451,ENGL 480,ENGL 280,ENGL 354,ENGL 366,ENGL 378,ENGL 380,ENGL 382,ENGL 383,ENGL 385AA,ENGL 388,ENGL 389,ENGL 390,ENGL 395,ENGL 391AA,ENGL 440,ENGL 476,ENGL 482
English - Literature Major Concentration (B.A.) (36 credits),ENGL 202,ENGL 203,ENGL 311,ENGL 228,ENGL 229,ENGL 327,ENGL 328,ENGL 333,ENGL 409,ENGL 410,ENGL 411,ENGL 317,ENGL 318,ENGL 319,ENGL 322,ENGL 346,ENGL 352,ENGL 347,ENGL 348,ENGL 349,ENGL 342,ENGL 349,ENGL 452,ENGL 337,ENGL 349,ENGL 356,ENGL 357,ENGL 456,ENGL 305,ENGL 307,ENGL 308,ENGL 315,ENGL 316,ENGL 349,ENGL 400,ENGL 401,ENGL 416,ENGL 302,ENGL 444,ENGL 301,ENGL 302,ENGL 304,ENGL 403,ENGL 444,ENGL 331,ENGL 332,ENGL 405,ENGL 444,ENGL 329,ENGL 330,ENGL 334,ENGL 404,ENGL 405,ENGL 444,ENGL 326,ENGL 422,ENGL 444,ENGL 361,ENGL 414,ENGL 444,ENGL 335,ENGL 361,ENGL 414,ENGL 418,ENGL 444,ENGL 320,ENGL 443,ENGL 444,ENGL 295,ENGL 320,ENGL 333,ENGL 336,ENGL 407,ENGL 408,ENGL 419,ENGL 443,ENGL 444,ENGL 315,ENGL 316,ENGL 357,ENGL 409,ENGL 416,ENGL 417,ENGL 418
English - Cultural Studies Major Concentration (B.A.) (36 credits),ENGL 275,ENGL 277,ENGL 359,ENGL 315,ENGL 381,ENGL 418,ENGL 444,ENGL 481,ENGL 393,ENGL 440,ENGL 441,ENGL 317,ENGL 318,ENGL 319,ENGL 322,ENGL 346,ENGL 352,ENGL 444,ENGL 454,ENGL 479,ENGL 484,ENGL 489,ENGL 490,ENGL 492,ENGL 350,ENGL 351,ENGL 363,ENGL 374,ENGL 444,ENGL 451,ENGL 480
English - Drama and Theatre Major Concentration (B.A.) (36 credits),ENGL 230,ENGL 355,ENGL 269,ENGL 365,ENGL 368,ENGL 372,ENGL 377,ENGL 365,ENGL 367,ENGL 368,ENGL 372,ENGL 376,ENGL 377,ENGL 396,ENGL 397,ENGL 465D1,ENGL 465D2,ENGL 466D1,ENGL 466D2,ENGL 469,ENGL 313,ENGL 413,ENGL 317,ENGL 318,ENGL 319,ENGL 322,ENGL 346,ENGL 352,ENGL 306,ENGL 310,ENGL 312,ENGL 370,ENGL 371,ENGL 444,ENGL 467,ENGL 486,ENGL 306,ENGL 308,ENGL 310,ENGL 312,ENGL 315,ENGL 370,ENGL 416
English - Literature Honours (B.A.) (54 credits),ENGL 202,ENGL 203,ENGL 311,ENGL 360,ENGL 491D1,ENGL 491D2,ENGL 317,ENGL 318,ENGL 319,ENGL 322,ENGL 346,ENGL 352,ENGL 347,ENGL 348,ENGL 349,ENGL 447,ENGL 342,ENGL 452,ENGL 553,ENGL 337,ENGL 349,ENGL 356,ENGL 357,ENGL 456,ENGL 500,ENGL 305,ENGL 307,ENGL 308,ENGL 315,ENGL 316,ENGL 400,ENGL 401,ENGL 416,ENGL 501,ENGL 516,ENGL 302,ENGL 310,ENGL 444,ENGL 301,ENGL 302,ENGL 304,ENGL 310,ENGL 403,ENGL 444,ENGL 503,ENGL 331,ENGL 332,ENGL 444,ENGL 329,ENGL 330,ENGL 334,ENGL 404,ENGL 405,ENGL 423,ENGL 444,ENGL 504,ENGL 326,ENGL 422,ENGL 444,ENGL 327,ENGL 328,ENGL 361,ENGL 414,ENGL 444,ENGL 327,ENGL 328,ENGL 335,ENGL 361,ENGL 414,ENGL 418,ENGL 444,ENGL 320,ENGL 333,ENGL 443,ENGL 444,ENGL 320,ENGL 333,ENGL 336,ENGL 407,ENGL 408,ENGL 419,ENGL 421,ENGL 443,ENGL 444
English - Drama and Theatre Honours (B.A.) (54 credits),ENGL 230,ENGL 355,ENGL 491D1,ENGL 491D2,ENGL 269,ENGL 365,ENGL 368,ENGL 372,ENGL 377,ENGL 315,ENGL 416,ENGL 516,ENGL 313,ENGL 413,ENGL 306,ENGL 308,ENGL 310,ENGL 312,ENGL 314,ENGL 315,ENGL 444,ENGL 370,ENGL 371,ENGL 416,ENGL 467,ENGL 486,ENGL 516,ENGL 306,ENGL 308,ENGL 310,ENGL 312,ENGL 315,ENGL 370,ENGL 416,ENGL 516,ENGL 317,ENGL 318,ENGL 319,ENGL 322,ENGL 346,ENGL 352,ENGL 444,ENGL 458,ENGL 459,ENGL 467,ENGL 365,ENGL 367,ENGL 368,ENGL 372,ENGL 376,ENGL 377,ENGL 396,ENGL 397,ENGL 465D1,ENGL 465D2,ENGL 466D1,ENGL 466D2,ENGL 469,ENGL 565,EAST 464,MUHL 287,PHIL 242,PSYC 212
English - Cultural Studies Honours (B.A.) (54 credits),ENGL 275,ENGL 277,ENGL 359,ENGL 491D1,ENGL 491D2,ENGL 315,ENGL 381,ENGL 409,ENGL 416,ENGL 417,ENGL 418,ENGL 444,ENGL 481,ENGL 516,ENGL 393,ENGL 440,ENGL 441,ENGL 317,ENGL 318,ENGL 319,ENGL 322,ENGL 346,ENGL 352,ENGL 350,ENGL 351,ENGL 363,ENGL 374,ENGL 444,ENGL 451,ENGL 480,ENGL 444,ENGL 454,ENGL 479,ENGL 484,ENGL 489,ENGL 490,ENGL 492,ENGL 280,ENGL 354,ENGL 366,ENGL 378,ENGL 380,ENGL 382,ENGL 383,ENGL 385AA,ENGL 388,ENGL 389,ENGL 390,ENGL 395,ENGL 472,ENGL 476,ENGL 482,ENGL 512,ENGL 585,ENGL 586
English - Literature Joint Honours Component (B.A.) (36 credits),ENGL 202,ENGL 203,ENGL 311,ENGL 360,ENGL 491D1,ENGL 491D2,ENGL 347,ENGL 348,ENGL 349,ENGL 447,ENGL 342,ENGL 452,ENGL 553,ENGL 337,ENGL 349,ENGL 356,ENGL 357,ENGL 456,ENGL 500,ENGL 305,ENGL 307,ENGL 308,ENGL 315,ENGL 316,ENGL 349,ENGL 400,ENGL 401,ENGL 416,ENGL 501,ENGL 516,ENGL 302,ENGL 310,ENGL 444,ENGL 301,ENGL 302,ENGL 304,ENGL 310,ENGL 403,ENGL 444,ENGL 503,ENGL 331,ENGL 332,ENGL 444,ENGL 329,ENGL 330,ENGL 334,ENGL 404,ENGL 405,ENGL 423,ENGL 444,ENGL 504,ENGL 326,ENGL 422,ENGL 444,ENGL 327,ENGL 328,ENGL 361,ENGL 414,ENGL 444,ENGL 327,ENGL 328,ENGL 335,ENGL 361,ENGL 414,ENGL 418,ENGL 444,ENGL 505,ENGL 320,ENGL 333,ENGL 443,ENGL 444,ENGL 295,ENGL 320,ENGL 333,ENGL 336,ENGL 407,ENGL 408,ENGL 419,ENGL 421,ENGL 443,ENGL 444,ENGL 317,ENGL 318,ENGL 319,ENGL 322,ENGL 346,ENGL 352
English - Drama and Theatre Joint Honours Component (B.A.) (36 credits),ENGL 230,ENGL 355,ENGL 491D1,ENGL 491D2,ENGL 269,ENGL 365,ENGL 368,ENGL 372,ENGL 377,ENGL 396,ENGL 397,ENGL 317,ENGL 318,ENGL 319,ENGL 322,ENGL 346,ENGL 352,ENGL 306,ENGL 308,ENGL 310,ENGL 312,ENGL 314,ENGL 315,ENGL 370,ENGL 371,ENGL 416,ENGL 444,ENGL 467,ENGL 486,ENGL 516,ENGL 566,ENGL 365,ENGL 367,ENGL 368,ENGL 372,ENGL 376,ENGL 377,ENGL 396,ENGL 397,ENGL 465D1,ENGL 465D2,ENGL 466D1,ENGL 466D2,ENGL 469,ENGL 565
English - Cultural Studies Joint Honours Component (B.A.) (36 credits),ENGL 275,ENGL 277,ENGL 359,ENGL 491D1,ENGL 491D2,ENGL 315,ENGL 381,ENGL 409,ENGL 416,ENGL 417,ENGL 418,ENGL 444,ENGL 481,ENGL 516,ENGL 317,ENGL 318,ENGL 319,ENGL 322,ENGL 346,ENGL 352,ENGL 350,ENGL 351,ENGL 363,ENGL 374,ENGL 444,ENGL 451,ENGL 480,ENGL 444,ENGL 454,ENGL 479,ENGL 484,ENGL 489,ENGL 490,ENGL 492
Medieval Studies Minor Concentration (B.A.) (18 credits),MDST 400,ARTH 204,ARTH 314,ARTH 425,ENGL 306,ENGL 337,ENGL 342,ENGL 348,ENGL 349,ENGL 356,ENGL 357,ENGL 452,ENGL 456,ENGL 500,ENGL 553,HIST 319,HIST 323,HIST 356,HIST 358,HIST 380,HIST 401AA,HIST 567D1,HIST 567D2,ISLA 325,ISLA 420,ISLA 430,ISLA 516,JWST 261,JWST 337,ITAL 355,ITAL 356,FREN 455,FREN 456,PHIL 344,PHIL 356,POLI 334,RELG 322
World Cinemas Minor Concentration (B.A.) (18 credits),EAST 279,ENGL 277,LLCU 279,CANS 300,EAST 353,EAST 361,EAST 362,EAST 368,EAST 369,EAST 454,EAST 467,EAST 564,ENGL 279,ENGL 280,ENGL 350,ENGL 351,ENGL 354,ENGL 363,ENGL 366,ENGL 374,ENGL 381,ENGL 382,ENGL 385AA,ENGL 391AA,ENGL 393,ENGL 451,ENGL 476,ENGL 479,ENGL 480,ENGL 481,ENGL 482,ENGL 484,ENGL 492,ENGL 585,FILM 499,FREN 310,FREN 311,FREN 315,GERM 357,GERM 369,GERM 370,GERM 373,HISP 340,HISP 341,HIST 435,ITAL 329,ITAL 374,ITAL 375,ITAL 477,LLCU 200,LLCU 300,MUHL 330,RUSS 213,RUSS 395
"Gender, Sexuality, Feminist, and Social Justice Studies Minor Concentration (B.A.) (18 credits)",GSFS 200,GSFS 250,GSFS 301,GSFS 302,GSFS 303,GSFS 304,GSFS 305,GSFS 306,GSFS 307,GSFS 308,GSFS 401,GSFS 402,GSFS 403,GSFS 404,GSFS 405,GSFS 406,GSFS 407,ANTH 227,ANTH 327,ANTH 381,ANTH 407,ANTH 413,ANTH 480,ANTH 555,ARCH 533,ARTH 205,ARTH 353,ARTH 354,ARTH 421,ARTH 440,CANS 405,CLAS 308,COMS 310,COMS 400,COMS 411,COMS 490,COMS 492,COMS 541,EAST 313,EAST 350,EAST 351,EAST 369,EAST 370,EAST 453,EDPC 503,EDPE 515,ENGL 275,ENGL 290,ENGL 320,ENGL 371,ENGL 388,ENGL 413,ENGL 418,ENGL 440,ENGL 443,ENGL 444,ENGL 489,ENGL 516,GEOG 331,GEOG 507,GERM 364,GSFS 200,GSFS 250,GSFS 300,GSFS 301,GSFS 302,GSFS 303,GSFS 304,GSFS 305,GSFS 306,GSFS 307,GSFS 308,GSFS 400,GSFS 401,GSFS 402,GSFS 403,GSFS 404,GSFS 405,GSFS 406,GSFS 407,GSFS 450,GSFS 499,HISP 340,HISP 358,HIST 201,HIST 323,HIST 343,HIST 344,HIST 347,HIST 354,HIST 380,HIST 382,HIST 408,HIST 412,HIST 420,HIST 424,HIST 429AA,HIST 433,HIST 525,HIST 526,HSEL 308,HSEL 309,INDG 200,INDG 401,ISLA 310,ISLA 375,ISLA 585,ITAL 375,ITAL 383,ITAL 477,MUHL 250,MUHL 299,PHIL 242,PHIL 327,PHIL 442,PHIL 446,POLI 348,POLI 366,POLI 422,POLI 423,POLI 432,POLI 444,PSYC 436,RELG 271,RELG 336,RELG 338,RELG 372,RELG 399,SOCI 247,SOCI 270,SOCI 321,SOCI 370,SOCI 386,SOCI 489,SOCI 519,SOCI 530,SOCI 535
"Gender, Sexuality, Feminist, and Social Justice Studies Major Concentration (B.A.) (36 credits)",GSFS 200,GSFS 250,GSFS 300,GSFS 400,GSFS 301,GSFS 302,GSFS 303,GSFS 304,GSFS 305,GSFS 306,GSFS 307,GSFS 308,GSFS 401,GSFS 402,GSFS 403,GSFS 404,GSFS 405,GSFS 406,GSFS 407,ANTH 227,ANTH 327,ANTH 381,ANTH 407,ANTH 413,ANTH 480,ANTH 555,ARCH 533,ARTH 205,ARTH 353,ARTH 354,ARTH 421,ARTH 440,CANS 405,CLAS 308,COMS 310,COMS 400,COMS 411,COMS 490,COMS 492,COMS 541,EAST 313,EAST 350,EAST 351,EAST 369,EAST 370,EAST 453,EDPC 503,EDPE 515,ENGL 275,ENGL 290,ENGL 320,ENGL 371,ENGL 388,ENGL 413,ENGL 418,ENGL 440,ENGL 443,ENGL 444,ENGL 489,ENGL 516,GEOG 331,GEOG 507,GERM 364,GSFS 200,GSFS 250,GSFS 300,GSFS 301,GSFS 302,GSFS 303,GSFS 304,GSFS 305,GSFS 306,GSFS 307,GSFS 308,GSFS 400,GSFS 401,GSFS 402,GSFS 403,GSFS 404,GSFS 405,GSFS 406,GSFS 407,GSFS 450,GSFS 499,HISP 340,HISP 358,HIST 201,HIST 323,HIST 343,HIST 344,HIST 347,HIST 354,HIST 380,HIST 382,HIST 408,HIST 412,HIST 420,HIST 424,HIST 433,HIST 525,HIST 526,HSEL 308,HSEL 309,INDG 401,ISLA 310,ISLA 375,ISLA 585,ITAL 375,ITAL 383,ITAL 477,MUHL 250,MUHL 299,PHIL 242,PHIL 442,PHIL 446,POLI 366,POLI 422,POLI 423,POLI 432,POLI 444,PSYC 436,RELG 336,RELG 338,RELG 372,RELG 399,SOCI 247,SOCI 270,SOCI 321,SOCI 370,SOCI 386,SOCI 489,SOCI 519,SOCI 530,SOCI 535
"Gender, Sexuality, Feminist, and Social Justice Studies Honours (B.A.) (57 credits)",GSFS 200,GSFS 250,GSFS 300,GSFS 495D1,GSFS 495D2,GSFS 496D1,GSFS 496D2,GSFS 301,GSFS 302,GSFS 303,GSFS 304,GSFS 305,GSFS 306,GSFS 307,GSFS 308,GSFS 401,GSFS 402,GSFS 403,GSFS 404,GSFS 405,GSFS 406,GSFS 407,ANTH 227,ANTH 327,ANTH 381,ANTH 407,ANTH 413,ANTH 480,ANTH 555,ARCH 533,ARTH 205,ARTH 353,ARTH 354,ARTH 421,ARTH 440,CANS 405,CLAS 308,COMS 310,COMS 320,COMS 400,COMS 411,COMS 490,COMS 492,COMS 541,EAST 313,EAST 350,EAST 351,EAST 369,EAST 370,EAST 453,EDPC 503,EDPE 515,ENGL 275,ENGL 290,ENGL 320,ENGL 371,ENGL 388,ENGL 413,ENGL 418,ENGL 440,ENGL 443,ENGL 444,ENGL 489,ENGL 516,GEOG 331,GEOG 507,GERM 364,GSFS 200,GSFS 250,GSFS 300,GSFS 301,GSFS 302,GSFS 303,GSFS 304,GSFS 305,GSFS 306,GSFS 307,GSFS 308,GSFS 400,GSFS 401,GSFS 402,GSFS 403,GSFS 404,GSFS 405,GSFS 406,GSFS 407,GSFS 450,GSFS 499,HISP 340,HISP 358,HIST 201,HIST 323,HIST 343,HIST 344,HIST 347,HIST 354,HIST 380,HIST 382,HIST 408,HIST 412,HIST 420,HIST 424,HIST 433,HIST 525,HIST 526,HSEL 308,HSEL 309,INDG 401,ISLA 310,ISLA 375,ISLA 585,ITAL 375,ITAL 383,ITAL 477,MUHL 250,MUHL 299,PHIL 242,PHIL 442,PHIL 446,POLI 366,POLI 422,POLI 423,POLI 432,POLI 444,PSYC 436,RELG 336,RELG 338,RELG 372,RELG 399,SOCI 247,SOCI 270,SOCI 321,SOCI 370,SOCI 386,SOCI 489,SOCI 519,SOCI 530,SOCI 535
"Gender, Sexuality, Feminist, and Social Justice Studies Jt Honours Component (B.A.) (36 credits)",GSFS 200,GSFS 250,GSFS 300,GSFS 495D1,GSFS 495D2,GSFS 497D1,GSFS 497D2,GSFS 301,GSFS 302,GSFS 303,GSFS 304,GSFS 305,GSFS 306,GSFS 307,GSFS 308,GSFS 401,GSFS 402,GSFS 403,GSFS 404,GSFS 405,GSFS 406,GSFS 407,ANTH 227,ANTH 327,ANTH 381,ANTH 407,ANTH 413,ANTH 480,ANTH 555,ARCH 533,ARTH 205,ARTH 353,ARTH 354,ARTH 421,ARTH 440,CANS 405,CLAS 308,COMS 310,COMS 400,COMS 411,COMS 490,COMS 492,COMS 541,EAST 313,EAST 350,EAST 351,EAST 369,EAST 370,EAST 453,EDPC 503,EDPE 515,ENGL 275,ENGL 290,ENGL 320,ENGL 371,ENGL 388,ENGL 413,ENGL 418,ENGL 440,ENGL 443,ENGL 444,ENGL 489,ENGL 516,GEOG 331,GEOG 507,GERM 364,GSFS 200,GSFS 250,GSFS 300,GSFS 301,GSFS 302,GSFS 303,GSFS 304,GSFS 305,GSFS 306,GSFS 307,GSFS 308,GSFS 400,GSFS 401,GSFS 402,GSFS 403,GSFS 404,GSFS 405,GSFS 406,GSFS 407,GSFS 450,GSFS 499,HISP 340,HISP 358,HIST 201,HIST 323,HIST 343,HIST 344,HIST 347,HIST 354,HIST 380,HIST 382,HIST 408,HIST 412,HIST 420,HIST 424,HIST 429AA,HIST 433,HIST 525,HIST 526,HSEL 308,HSEL 309,INDG 401,ISLA 310,ISLA 375,ISLA 585,ITAL 375,ITAL 383,ITAL 477,MUHL 250,PHIL 242,PHIL 442,PHIL 446,POLI 366,POLI 422,POLI 423,POLI 432,POLI 444,PSYC 436,RELG 336,RELG 338,RELG 372,RELG 399,SOCI 247,SOCI 270,SOCI 321,SOCI 370,SOCI 386,SOCI 489,SOCI 519,SOCI 530,SOCI 535
Geography Minor Concentration (B.A.) (18 credits),GEOG 216,GEOG 201,GEOG 203,GEOG 210,GEOG 217,GEOG 221,GEOG 272
Geography (Urban Studies) Minor Concentration (B.A.) (18 credits),GEOG 217,GEOG 201,GEOG 210,GEOG 216,GEOG 303,GEOG 310,GEOG 311,GEOG 314,GEOG 315,GEOG 316,GEOG 325,GEOG 331,GEOG 333,GEOG 408,GEOG 409,GEOG 414,GEOG 417,GEOG 418,GEOG 420,ARCH 528,ARTH 204,COMS 425,CIVE 540,HIST 353,HIST 397,ISLA 311,ISLA 395,FINE 445,POLI 318,POLI 321,QCST 200,SOCI 222,SOCI 230,SOCI 333,SOCI 366,SOCI 388,URBP 201,URBP 501,URBP 504,URBP 506,URBP 530,URBP 536,URBP 537,URBP 551,URBP 556
GIS and Remote Sensing Minor Concentration (B.A.) (18 credits),GEOG 201,GEOG 314,COMP 202,GEOG 333,ATOC 309,GEOG 308,GEOG 414,ATOC 309,ESYS 300,GEOG 202,GEOG 308,GEOG 384,GEOG 414,GEOG 506,GEOG 535
Health Geography Minor Concentration (B.A.) (18 credits),GEOG 201,GEOG 221,GEOG 303,GEOG 403,ENVR 200,ENVR 201,GEOG 203,GEOG 210,GEOG 217,GEOG 503,PPHS 501,PPHS 511,PPHS 525,PPHS 529,SOCI 309,SOCI 365,SOCI 525
Geography Major Concentration (B.A.) (37 credits),GEOG 201,GEOG 216,GEOG 290,GEOG 203,GEOG 272,BIOL 373,GEOG 202,MATH 203,PSYC 204,SOCI 350,GEOG 425,GEOG 475,GEOG 494,GEOG 495,GEOG 496,GEOG 308,GEOG 314,GEOG 333,GEOG 351,GEOG 414,GEOG 506,GEOG 512
Geography (Urban Studies) Major Concentration (B.A.) (36 credits),GEOG 201,GEOG 217,GEOG 351,BIOL 373,GEOG 202,MATH 203,PSYC 204,SOCI 350,GEOG 425,GEOG 494,GEOG 475,GEOG 210,GEOG 216,GEOG 221,GEOG 303,GEOG 310,GEOG 311,GEOG 314,GEOG 315,GEOG 316,GEOG 325,GEOG 331,GEOG 333,GEOG 408,GEOG 409,GEOG 414,GEOG 417,GEOG 418,GEOG 420,GEOG 503,GEOG 504,GEOG 507,GEOG 511,GEOG 525,ARCH 517,ARCH 528,ARTH 204,COMS 425,CIVE 540,HIST 353,HIST 397,ISLA 311,ISLA 395,FINE 445,POLI 318,POLI 321,QCST 200,SOCI 222,SOCI 230,SOCI 333,SOCI 366,SOCI 388,URBP 201,URBP 501,URBP 504,URBP 506,URBP 530,URBP 536,URBP 537,URBP 551,URBP 556
Geography Honours (B.A.) (61 credits),GEOG 201,GEOG 216,GEOG 290,GEOG 351,GEOG 381,GEOG 491D1,GEOG 491D2,GEOG 203,GEOG 272,BIOL 373,GEOG 202,MATH 203,PSYC 204,SOCI 350,GEOG 425,GEOG 475,GEOG 494,GEOG 495,GEOG 496
Urban Studies Honours (B.A.) (60 credits),GEOG 201,GEOG 217,GEOG 351,GEOG 381,GEOG 491D1,GEOG 491D2,BIOL 373,GEOG 202,MATH 203,PSYC 204,SOCI 350,GEOG 425,GEOG 475,GEOG 494,GEOG 210,GEOG 216,GEOG 221,GEOG 303,GEOG 310,GEOG 311,GEOG 314,GEOG 315,GEOG 316,GEOG 325,GEOG 331,GEOG 333,GEOG 408,GEOG 409,GEOG 414,GEOG 417,GEOG 418,GEOG 420,ARCH 517,ARCH 528,ARTH 204,COMS 425,CIVE 540,GEOG 503,GEOG 504,GEOG 507,GEOG 511,GEOG 512,GEOG 525,HIST 353,HIST 397,ISLA 395,FINE 445,POLI 318,POLI 321,QCST 200,SOCI 222,SOCI 230,SOCI 333,SOCI 366,SOCI 388,URBP 201,URBP 501,URBP 504,URBP 506,URBP 530,URBP 536,URBP 537,URBP 551,URBP 556
Geography Joint Honours Component (B.A.) (37 credits),GEOG 201,GEOG 216,GEOG 290,GEOG 351,GEOG 381,GEOG 203,GEOG 272,BIOL 373,GEOG 202,MATH 203,PSYC 204,SOCI 350,GEOG 491D1,GEOG 491D2,GEOG 492D1,GEOG 492D2
History Minor Concentration (B.A.) (18 credits),CLAS 303,CLAS 304,CLAS 305,CLAS 406,ISLA 311,ISLA 315,ISLA 355,ISLA 365,ISLA 375,ISLA 410,ISLA 411,ISLA 421,ISLA 511,ISLA 515,ISLA 516,ISLA 530,ISLA 580,JWST 240,JWST 245,JWST 303,JWST 312,JWST 334,JWST 348,JWST 365,JWST 366,JWST 371,RELG 326
History Major Concentration (B.A.) (36 credits),HIST 202,HIST 203,HIST 211,HIST 212,HIST 214,HIST 215,HIST 216,HIST 221,HIST 226,HIST 250,HIST 200,HIST 201,HIST 205,HIST 206,HIST 208,HIST 209,HIST 210,HIST 218,HIST 275,HIST 207,HIST 213,HIST 219,HIST 222,HIST 223,HIST 224,HIST 238,HIST 240,HIST 249,HIST 262,HIST 292,HIST 298AA,or HIST 298AB,HIST 299,CLAS 303,CLAS 304,CLAS 305,CLAS 406,ISLA 305,ISLA 311,ISLA 315,ISLA 355,ISLA 375,ISLA 410,ISLA 411,ISLA 421,ISLA 511,ISLA 516,ISLA 530,ISLA 580,JWST 240,JWST 245,JWST 303,JWST 311,JWST 312,JWST 334,JWST 348,JWST 365,JWST 366,JWST 371
History Honours (B.A.) (54 credits),HIST 399,HIST 202,HIST 203,HIST 211,HIST 212,HIST 214,HIST 215,HIST 216,HIST 221,HIST 226,HIST 250,HIST 200,HIST 201,HIST 205,HIST 206,HIST 208,HIST 209,HIST 210,HIST 218,HIST 275,HIST 207,HIST 213,HIST 219,HIST 222,HIST 223,HIST 224,HIST 238,HIST 240,HIST 249,HIST 262,HIST 292,HIST 299,CLAS 303,CLAS 304,CLAS 305,CLAS 406,ISLA 305,ISLA 311,ISLA 315,ISLA 355,ISLA 375,ISLA 410,ISLA 411,ISLA 421,ISLA 511,ISLA 515,ISLA 516,ISLA 530,ISLA 580,JWST 240,JWST 245,JWST 303,JWST 311,JWST 312,JWST 334,JWST 348,JWST 365,JWST 366,JWST 371
History Joint Honours Component (B.A.) (36 credits),HIST 399,HIST 202,HIST 203,HIST 211,HIST 212,HIST 214,HIST 215,HIST 216,HIST 221,HIST 226,HIST 250,HIST 200,HIST 201,HIST 205,HIST 206,HIST 208,HIST 209,HIST 210,HIST 218,HIST 275,HIST 207,HIST 213,HIST 219,HIST 222,HIST 223,HIST 224,HIST 238,HIST 240,HIST 249,HIST 262,HIST 292,HIST 299,CLAS 303,CLAS 304,CLAS 305,CLAS 406,ISLA 305,ISLA 311,ISLA 315,ISLA 355,ISLA 365,ISLA 375,ISLA 410,ISLA 411,ISLA 421,ISLA 511,ISLA 515,ISLA 516,ISLA 530,ISLA 580,JWST 240,JWST 245,JWST 303,JWST 311,JWST 312,JWST 334,JWST 348,JWST 365,JWST 366,JWST 371,RELG 326
Classics Minor Concentration (B.A.) (18 credits),CLAS 201,CLAS 210,CLAS 212,CLAS 215,CLAS 220,CLAS 222,CLAS 225,CLAS 310,CLAS 312,CLAS 315,CLAS 320,CLAS 322,CLAS 326,CLAS 410,CLAS 412,CLAS 420,CLAS 422,CLAS 429
Classics Major Concentration (B.A.) (36 credits),CLAS 201,CLAS 410,CLAS 412,CLAS 420,CLAS 422,CLAS 429,CLAS 301,CLAS 302,CLAS 310,CLAS 312,CLAS 315,CLAS 320,CLAS 322,CLAS 326
Classics Honours (B.A.) (54 credits),CLAS 201,CLAS 301,CLAS 302,CLAS 310,CLAS 312,CLAS 320,CLAS 322,CLAS 500,CLAS 410,CLAS 412,CLAS 420,CLAS 422,CLAS 429,CLAS 400,CLAS 401,CLAS 402,CLAS 403,CLAS 405,CLAS 406,CLAS 407,CLAS 408,CLAS 409,CLAS 461,CLAS 303,CLAS 304,CLAS 305,CLAS 306,CLAS 308,CLAS 404,HIST 205,HIST 275,HIST 368,HIST 369,HIST 375,HIST 376,HIST 391,HIST 400,HIST 407,HIST 450,HIST 469,PHIL 345,PHIL 350,PHIL 353,PHIL 354,PHIL 355,PHIL 452,PHIL 453,PHIL 454,RELG 210,RELG 311,RELG 312,RELG 326,ARTH 209,CLAS 240,CLAS 341,CLAS 348,CLAS 349,CLAS 342
Classics Joint Honours Component (B.A.) (36 credits),CLAS 201,CLAS 310,CLAS 320,CLAS 500,CLAS 410,CLAS 412,CLAS 420,CLAS 422,CLAS 429
South Asian Studies Minor Concentration (B.A.) (18 credits),ANTH 327,ANTH 361,ENGL 297,HIST 209,ISLA 330,ISLA 395,POLI 322,RELG 252,RELG 254,ANTH 308,ANTH 510,ENGL 336,ENGL 404,ENGL 408,HIST 341,HIST 435,HIST 481,ISLA 305,ISLA 420,ISLA 421,ISLA 489,ISLA 555,ISLA 581,POLI 423,POLI 435,RELG 288,RELG 344,RELG 348,RELG 350,RELG 353,RELG 366,RELG 369,RELG 372,RELG 378,RELG 444,RELG 453,RELG 544,RELG 545,RELG 547,RELG 548,RELG 551,RELG 552,RELG 556,RELG 558,RELG 560,SOCI 370,SOCI 550,ISLA 241D1,ISLA 241D2,ISLA 342D1,ISLA 342D2,ISLA 443D1,ISLA 443D2,ISLA 545,ISLA 546,RELG 257D1,RELG 257D2,RELG 357D1,RELG 357D2,RELG 457D1,RELG 457D2,RELG 264,RELG 265,RELG 364,RELG 365,RELG 464,RELG 465,ISLA 251D1,ISLA 251D2,ISLA 352D1,ISLA 352D2,ISLA 553,ISLA 554
Canadian Studies Minor Concentration (B.A.) (18 credits),CANS 200,CANS 420,CANS 203,ECON 219,ENGL 228,ENGL 229,FREN 252,HIST 202,HIST 203,INDG 200,POLI 221,POLI 222,QCST 200,SOCI 230,CANS 300,CANS 301,CANS 306,CANS 307,CANS 308,CANS 310,CANS 311,CANS 312,CANS 315,CANS 401,CANS 402,CANS 404,CANS 405,CANS 406,CANS 413,CANS 499,ANTH 338,ARTH 302,ECON 303,ECON 305,ECON 308,ENGL 313,ENGL 393,FREN 315,HIST 303,HIST 342,HIST 343,HIST 357,HIST 363,HIST 364,HIST 367,ISLA 395,LING 325,POLI 336,POLI 372,POLI 417,POLI 426,QCST 300,QCST 440,SOCI 375,SOCI 475
Canadian Studies Major Concentration (B.A.) (36 credits),CANS 200,CANS 420,CANS 306,INDG 200,CANS 413,QCST 200,QCST 440,CANS 203,ECON 219,ENGL 228,ENGL 229,FREN 252,HIST 202,HIST 203,INDG 200,POLI 221,POLI 222,SOCI 230,CANS 300,CANS 301,CANS 307,CANS 308,CANS 310,CANS 311,CANS 312,CANS 315,CANS 401,CANS 402,CANS 404,CANS 405,CANS 406,CANS 408,CANS 413,CANS 499,ANTH 338,ARTH 302,ECON 303,ECON 305,ECON 308,ENGL 313,ENGL 393,FREN 315,HIST 303,HIST 342,HIST 343,HIST 357,HIST 363,HIST 364,HIST 367,ISLA 395,LING 325,POLI 336,POLI 372,POLI 417,POLI 426,QCST 300,QCST 440,SOCI 375,SOCI 475
Canadian Studies Honours (B.A.) (54 credits),CANS 200,CANS 420,CANS 480,CANS 481,CANS 306,INDG 200,CANS 413,QCST 200,QCST 440,CANS 203,ECON 219,ENGL 228,ENGL 229,FREN 252,HIST 202,HIST 203,INDG 200,POLI 221,POLI 222,SOCI 230,CANS 300,CANS 301,CANS 307,CANS 308,CANS 310,CANS 311,CANS 312,CANS 315,CANS 401,CANS 402,CANS 404,CANS 405,CANS 406,CANS 408,CANS 413,CANS 499,ANTH 338,ARTH 302,ECON 303,ECON 305,ECON 308,ENGL 313,ENGL 393,FREN 315,HIST 303,HIST 342,HIST 343,HIST 357,HIST 363,HIST 364,HIST 367,ISLA 395,LING 325,POLI 336,POLI 372,POLI 417,POLI 426,QCST 300,QCST 440,SOCI 375,SOCI 475
Canadian Studies Joint Honours Component (B.A.) (36 credits),CANS 200,CANS 420,CANS 492,CANS 306,INDG 200,CANS 413,QCST 200,QCST 440,CANS 203,ECON 219,ENGL 228,ENGL 229,FREN 252,HIST 202,HIST 203,INDG 200,POLI 221,POLI 222,SOCI 230,CANS 300,CANS 301,CANS 307,CANS 308,CANS 310,CANS 311,CANS 312,CANS 315,CANS 401,CANS 402,CANS 404,CANS 405,CANS 406,CANS 408,CANS 413,CANS 499,ANTH 338,ARTH 302,ECON 303,ECON 305,ECON 308,ENGL 313,ENGL 393,FREN 315,HIST 303,HIST 342,HIST 343,HIST 364,HIST 367,ISLA 395,LING 325,POLI 336,POLI 372,POLI 417,POLI 426,QCST 300,QCST 440,SOCI 375,SOCI 475
Indigenous Studies Minor Concentration (B.A.) (18 credits),INDG 200,INDG 401,ANTH 338,ANTH 436,CANS 306,CANS 315,ENGL 297,ENGL 440,GSFS 307,GEOG 301,HIST 202,HIST 223,HIST 303,HIST 333,HIST 361AA,HIST 363,HIST 408,INDG 202,INDG 300,INDG 301,INDG 302,INDG 400,INDG 420,INDG 450,IDFC 500,CMPL 500,LING 211,LING 411,POLI 372,POLI 436
Quebec Studies and Community-Engaged Learning Minor Concentration (B.A.)/ La concentration Mineure en Études sur le Québec et apprentissage par engagement communautaire (B.A.) (18 credits),QCST 200,QCST 300,QCST 440,FREN 252,POLI 226,POLI 336,ANTH 436,COMS 510,CANS 200,CANS 301,CANS 306,CANS 405,ENGL 313,ENVR 380,FREN 252,FREN 315,FREN 450,FREN 595,HIST 202,HIST 203,HIST 223,HIST 333,HIST 335,HIST 353,HIST 364,HIST 367,HIST 580D1,HIST 580D2,POLI 221,POLI 222,POLI 226,POLI 336,POLI 342,POLI 417,POLI 426,SOCI 230,SOCI 475
International Development Studies Minor Concentration (B.A.) (18 credits),ECON 208,ECON 313,INTD 200,AFRI 200,AGRI 325,AGRI 411,AGEC 430,AGEC 442,ANTH 202,ANTH 206,ANTH 207,ANTH 209,ANTH 212,ANTH 214,ANTH 222,ANTH 227,ANTH 302,ANTH 304,ANTH 308,ANTH 318,ANTH 322,ANTH 326,ANTH 327,ANTH 338,ANTH 339,ANTH 343,ANTH 355,ANTH 418,ANTH 438,ANTH 512,ANTH 575,CANS 315,EAST 211,EAST 388,EAST 213,EAST 515,ECON 209,ECON 223,ECON 314,ECON 326,ECON 347,ECON 416,ECON 473,ENGL 290,ENGL 440,PPHS 511,GEOG 216,GEOG 217,GEOG 221,GEOG 302,GEOG 303,GEOG 310,GEOG 311,GEOG 325,GEOG 360,GEOG 403,GEOG 408,GEOG 409,GEOG 418,GEOG 425,GEOG 510,HIST 200,HIST 201,HIST 206,HIST 208,HIST 209,HIST 210,HIST 213,HIST 218,HIST 223,HIST 240,HIST 317,HIST 326,HIST 328,HIST 333,HIST 338,HIST 340,HIST 341,HIST 361AA,HIST 363,HIST 366,HIST 382,HIST 389AA,HIST 408,HIST 409AA,HIST 439,HIST 528,INDG 200,INDG 420,INTD 350,INTD 352,INTD 354,INTD 356,INTD 358,INTD 360,INTD 397AA,or INTD 397AB,INTD 398AA,or INTD 398AB,INTD 490,INTD 499,ISLA 200,ISLA 210,ISLA 305,ISLA 310,ISLA 311,ISLA 325,ISLA 330,ISLA 355,ISLA 360,ISLA 365,ISLA 370,ISLA 383,ISLA 385,ISLA 388,ISLA 390,ISLA 392,ISLA 411,ISLA 415,ISLA 421,ISLA 430,LACS 497,MGCR 382,ORGB 380,MGPO 435,MGPO 438,MGPO 440,MGPO 469,MGPO 475,MSUS 402,NUTR 501,POLI 227,POLI 243,POLI 244,POLI 245,POLI 319,POLI 322,POLI 324,POLI 338,POLI 340,POLI 341,POLI 345,POLI 347,POLI 349,POLI 350,POLI 352,POLI 359,POLI 369,POLI 372,POLI 380,POLI 381,POLI 423,POLI 435,POLI 441,POLI 442,POLI 445,POLI 450,POLI 476,RELG 253,RELG 309,RELG 331,RELG 370,RELG 375,SOCI 212,SOCI 234,SOCI 254,SOCI 307,SOCI 309,SOCI 365,SOCI 370,SOCI 400,SOCI 446,SOCI 519,SOCI 520,SOCI 550,SWRK 400,SWRK 532,URBP 530
International Development Studies Major Concentration (B.A.) (36 credits),ECON 208,ECON 313,INTD 200,INTD 497AA,or INTD 497AB,or INTD 497AC,or INTD 497AD,ANTH 202,ANTH 207,ANTH 212,GEOG 216,GEOG 217,INTD 350,POLI 227,POLI 243,POLI 244,POLI 245,SOCI 254,ANTH 358,ECON 227D1,ECON 227D2,ECON 437,INTD 356,INTD 358,POLI 210,SOCI 350,SOCI 461,SOCI 477,AFRI 200,AGRI 325,AGRI 411,AGEC 430,AGEC 442,ANTH 206,ANTH 209,ANTH 214,ANTH 222,ANTH 227,ANTH 302,ANTH 304,ANTH 308,ANTH 318,ANTH 322,ANTH 326,ANTH 327,ANTH 338,ANTH 339,ANTH 343,ANTH 355,ANTH 418,ANTH 438,ANTH 512,ANTH 575,CANS 315,EAST 211,EAST 213,EAST 388,EAST 515,ECON 209,ECON 223,ECON 314,ECON 326,ECON 347,ECON 416,ECON 473,ENGL 290,ENGL 440,PPHS 511,GEOG 221,GEOG 302,GEOG 303,GEOG 310,GEOG 311,GEOG 325,GEOG 360,GEOG 403,GEOG 408,GEOG 409,GEOG 418,GEOG 425,GEOG 510,HIST 200,HIST 201,HIST 206,HIST 208,HIST 209,HIST 210,HIST 213,HIST 218,HIST 223,HIST 240,HIST 317,HIST 326,HIST 328,HIST 333,HIST 338,HIST 340,HIST 341,HIST 361AA,HIST 363,HIST 366,HIST 382,HIST 389AA,HIST 408,HIST 409AA,or HIST 409AB,HIST 439,HIST 528,INDG 200,INDG 420,INTD 250,INTD 350,INTD 352,INTD 354,INTD 360,INTD 397AA,or INTD 397AB,INTD 398AA,or INTD 398AB,INTD 490,INTD 499,ISLA 200,ISLA 210,ISLA 305,ISLA 310,ISLA 311,ISLA 325,ISLA 330,ISLA 355,ISLA 360,ISLA 365,ISLA 370,ISLA 383,ISLA 385,ISLA 388,ISLA 390,ISLA 392,ISLA 411,ISLA 415,ISLA 421,ISLA 430,LACS 497,MGCR 382,ORGB 380,MGPO 435,MGPO 438,MGPO 440,MGPO 469,MGPO 475,MSUS 402,NUTR 501,POLI 319,POLI 322,POLI 324,POLI 338,POLI 340,POLI 341,POLI 345,POLI 347,POLI 349,POLI 350,POLI 352,POLI 359,POLI 369,POLI 372,POLI 380,POLI 381,POLI 422,POLI 423,POLI 435,POLI 441,POLI 442,POLI 445,POLI 450,POLI 476,RELG 253,RELG 309,RELG 331,RELG 353,RELG 370,RELG 375,SOCI 212,SOCI 234,SOCI 307,SOCI 309,SOCI 370,SOCI 400,SOCI 446,SOCI 519,SOCI 520,SOCI 550,SWRK 400,SWRK 532,URBP 530
International Development Studies Honours (B.A.) (57 credits),ECON 208,ECON 313,INTD 200,INTD 498AA,or INTD 498AB,ANTH 202,ANTH 207,ANTH 212,GEOG 216,GEOG 217,INTD 350,POLI 227,POLI 243,POLI 244,POLI 245,SOCI 254,ANTH 358,ECON 227D1,ECON 227D2,ECON 437,INTD 356,INTD 358,POLI 210,SOCI 350,SOCI 461,SOCI 477,AFRI 200,AGRI 325,AGRI 411,AGEC 430,AGEC 442,ANTH 206,ANTH 209,ANTH 214,ANTH 222,ANTH 227,ANTH 302,ANTH 304,ANTH 308,ANTH 318,ANTH 322,ANTH 326,ANTH 327,ANTH 338,ANTH 339,ANTH 343,ANTH 355,ANTH 418,ANTH 438,ANTH 512,ANTH 575,CANS 315,EAST 211,EAST 213,EAST 388,EAST 515,ECON 209,ECON 223,ECON 314,ECON 326,ECON 347,ECON 416,ECON 473,ENGL 290,ENGL 440,PPHS 511,GEOG 221,GEOG 302,GEOG 303,GEOG 310,GEOG 311,GEOG 325,GEOG 360,GEOG 403,GEOG 408,GEOG 409,GEOG 418,GEOG 425,GEOG 510,HIST 200,HIST 201,HIST 206,HIST 208,HIST 209,HIST 210,HIST 213,HIST 218,HIST 223,HIST 240,HIST 317,HIST 326,HIST 328,HIST 333,HIST 338,HIST 340,HIST 341,HIST 361AA,HIST 363,HIST 366,HIST 382,HIST 389AA,HIST 408,HIST 409AA,or HIST 409AB,HIST 439,HIST 528,INDG 200,INDG 420,INTD 250,INTD 350,INTD 352,INTD 354,INTD 360,INTD 397AA,or INTD 397AB,INTD 398AA,or INTD 398AB,INTD 490,INTD 491,INTD 497AA,or INTD 497AB,or INTD 497AC,or INTD 497AD,INTD 499,ISLA 200,ISLA 210,ISLA 305,ISLA 310,ISLA 311,ISLA 325,ISLA 330,ISLA 355,ISLA 360,ISLA 365,ISLA 370,ISLA 383,ISLA 385,ISLA 388,ISLA 390,ISLA 392,ISLA 411,ISLA 415,ISLA 421,ISLA 430,LACS 497,MGCR 382,ORGB 380,MGPO 435,MGPO 438,MGPO 440,MGPO 469,MGPO 475,MSUS 402,NUTR 501,POLI 319,POLI 322,POLI 324,POLI 338,POLI 340,POLI 341,POLI 345,POLI 347,POLI 349,POLI 350,POLI 352,POLI 353,POLI 359,POLI 369,POLI 372,POLI 380,POLI 381,POLI 422,POLI 423,POLI 435,POLI 441,POLI 442,POLI 445,POLI 450,POLI 476,RELG 253,RELG 309,RELG 331,RELG 370,RELG 375,SOCI 212,SOCI 234,SOCI 307,SOCI 309,SOCI 365,SOCI 370,SOCI 400,SOCI 446,SOCI 519,SOCI 520,SOCI 550,SWRK 400,SWRK 532,URBP 530
International Development Studies Joint Honours Component (B.A.) (36 credits),ECON 208,ECON 313,INTD 200,INTD 498AA,or INTD 498AB,ANTH 202,ANTH 207,ANTH 212,GEOG 216,GEOG 217,INTD 350,POLI 227,POLI 243,POLI 244,POLI 245,SOCI 254,ANTH 358,ECON 227D1,ECON 227D2,ECON 437,INTD 356,INTD 358,POLI 210,SOCI 350,SOCI 461,SOCI 477,AFRI 200,AGRI 325,AGRI 411,AGEC 430,AGEC 442,ANTH 206,ANTH 209,ANTH 214,ANTH 222,ANTH 227,ANTH 302,ANTH 304,ANTH 308,ANTH 318,ANTH 322,ANTH 326,ANTH 327,ANTH 338,ANTH 339,ANTH 343,ANTH 355,ANTH 418,ANTH 438,ANTH 512,ANTH 575,CANS 315,EAST 211,EAST 213,EAST 388,EAST 515,ECON 209,ECON 223,ECON 314,ECON 326,ECON 347,ECON 416,ECON 473,ENGL 290,ENGL 440,PPHS 511,GEOG 221,GEOG 302,GEOG 303,GEOG 310,GEOG 311,GEOG 325,GEOG 360,GEOG 403,GEOG 408,GEOG 409,GEOG 418,GEOG 425,GEOG 510,HIST 200,HIST 201,HIST 206,HIST 208,HIST 209,HIST 210,HIST 213,HIST 218,HIST 223,HIST 240,HIST 317,HIST 326,HIST 328,HIST 333,HIST 338,HIST 340,HIST 341,HIST 360,HIST 361AA,HIST 363,HIST 366,HIST 382,HIST 389AA,HIST 408,HIST 409AA,or HIST 409AB,HIST 439,HIST 528,INDG 200,INDG 420,INTD 250,INTD 350,INTD 352,INTD 354,INTD 360,INTD 397AA,or INTD 397AB,INTD 398AA,or INTD 398AB,INTD 490,INTD 491,INTD 497AA,or INTD 497AB,or INTD 497AC,or INTD 497AD,INTD 499,ISLA 200,ISLA 210,ISLA 305,ISLA 310,ISLA 311,ISLA 325,ISLA 330,ISLA 355,ISLA 360,ISLA 365,ISLA 370,ISLA 383,ISLA 385,ISLA 388,ISLA 390,ISLA 392,ISLA 411,ISLA 415,ISLA 421,ISLA 430,LACS 497,MGCR 382,ORGB 380,MGPO 435,MGPO 438,MGPO 440,MGPO 469,MGPO 475,MGPO 402,NUTR 501,POLI 319,POLI 322,POLI 324,POLI 338,POLI 340,POLI 341,POLI 345,POLI 347,POLI 349,POLI 350,POLI 352,POLI 359,POLI 369,POLI 372,POLI 380,POLI 381,POLI 422,POLI 423,POLI 435,POLI 441,POLI 442,POLI 445,POLI 450,POLI 476,RELG 253,RELG 309,RELG 331,RELG 370,RELG 375,SOCI 212,SOCI 234,SOCI 307,SOCI 309,SOCI 370,SOCI 400,SOCI 446,SOCI 519,SOCI 520,SOCI 550,SWRK 400,SWRK 532,URBP 530
African Studies Minor Concentration (B.A.) (18 credits),AFRI 200,AFRI 598,ANTH 322,HIST 200,HIST 201,POLI 324,AFRI 401,AFRI 480,AFRI 481,AFRI 499,HIST 579D1,HIST 579D2,ANTH 212,ANTH 322,ANTH 416,ECON 208,ECON 313,ECON 416,ENGL 320,ENGL 352,ENGL 421,GEOG 216,GEOG 403,GEOG 404,GEOG 408,GEOG 416,HIST 200,HIST 201,HIST 381,HIST 382,HIST 498,HIST 528,ISLA 221D1,ISLA 221D2,ISLA 360,ISLA 375,ISLA 410,ISLA 530,POLI 227,POLI 324,POLI 522,SOCI 365,SOCI 370,SOCI 446,SOCI 484,SOCI 550
African Studies Major Concentration (B.A.) (36 credits),AFRI 200,AFRI 598,ANTH 322,HIST 200,HIST 201,POLI 324,AFRI 401,AFRI 480,AFRI 481,AFRI 499,HIST 579D1,HIST 579D2,ANTH 212,ANTH 322,ANTH 416,ECON 208,ECON 313,ECON 416,ENGL 320,ENGL 352,ENGL 421,GEOG 216,GEOG 403,GEOG 404,GEOG 408,GEOG 416,HIST 200,HIST 201,HIST 381,HIST 382,HIST 498,HIST 528,ISLA 221D1,ISLA 221D2,ISLA 360,ISLA 375,ISLA 410,ISLA 530,POLI 227,POLI 324,POLI 522,SOCI 365,SOCI 370,SOCI 446,SOCI 484,SOCI 550
African Studies Joint Honours Component (B.A.) (36 credits),AFRI 200,AFRI 480,AFRI 598,ANTH 322,HIST 200,HIST 201,POLI 324,AFRI 401,AFRI 481,AFRI 499,ANTH 212,ANTH 222,ANTH 322,ANTH 355,ANTH 416,ANTH 451,ECON 208,ECON 313,ECON 314,ENGL 320,ENGL 352,ENGL 421,GEOG 216,GEOG 302,GEOG 403,GEOG 404,GEOG 408,GEOG 416,GEOG 423,GEOG 451,GEOG 493,HIST 200,HIST 201,HIST 382,HIST 498,HIST 528,ISLA 221D1,ISLA 221D2,ISLA 360,ISLA 375,ISLA 410,ISLA 530,POLI 227,POLI 324,POLI 522,SOCI 365,SOCI 370,SOCI 446,SOCI 484,SOCI 550
Arabic Language Minor Concentration (B.A.) (18 credits),ISLA 221D1,ISLA 221D2,ISLA 322,ISLA 322D1,ISLA 322D2,ISLA 423D1,ISLA 423D2,ISLA 524,ISLA 525,ISLA 526
Persian Language Minor Concentration (B.A.) (18 credits),ISLA 241D1,ISLA 241D2,ISLA 342D1,ISLA 342D2,ISLA 443D1,ISLA 443D2,ISLA 545,ISLA 546
Turkish Language Minor Concentration (B.A.) (18 credits),ISLA 232D1,ISLA 232D2,ISLA 333D1,ISLA 333D2,ISLA 434D1,ISLA 434D2,ISLA 535D1,ISLA 535D2,ISLA 560
Urdu Language Minor Concentration (B.A.) (18 credits),ISLA 251D1,ISLA 251D2,ISLA 352D1,ISLA 352D2,ISLA 553,ISLA 554,ISLA 555
World Islamic and Middle East Studies Minor Concentration (B.A.) (18 credits),ISLA 200,ISLA 210,ISLA 300,ISLA 305,ISLA 310,ISLA 311,ISLA 315,ISLA 320,ISLA 325,ISLA 330,ISLA 355,ISLA 360,ISLA 365,ISLA 370,ISLA 375,ISLA 380,ISLA 383,ISLA 385,ISLA 388,ISLA 390,ISLA 392,ISLA 395,ISLA 410,ISLA 411,ISLA 415,ISLA 420,ISLA 421,ISLA 430,ISLA 488,ISLA 489,ISLA 499,ISLA 502,ISLA 505,ISLA 506,ISLA 511,ISLA 512,ISLA 515,ISLA 516,ISLA 530,ISLA 555,ISLA 580,ISLA 581,ISLA 582,ISLA 585,ANTH 209,ANTH 318,ANTH 327,HIST 209,HIST 240,HIST 305,HIST 340,HIST 341,HIST 435,HIST 446,JWST 220D1,JWST 220D2,JWST 245,JWST 261,JWST 312,JWST 320D1,JWST 320D2,JWST 323,JWST 334,JWST 338,JWST 340D1,JWST 340D2,JWST 348,JWST 366,JWST 367,JWST 370,PHIL 356,POLI 340,POLI 341,POLI 347,RELG 204,RELG 307,RELG 309,RELG 440,ISLA 221D1,ISLA 221D2,ISLA 322D1,ISLA 322D2,ISLA 322,ISLA 423D1,ISLA 423D2,ISLA 524,ISLA 525,ISLA 526,ISLA 241D1,ISLA 241D2,ISLA 342D1,ISLA 342D2,ISLA 443D1,ISLA 443D2,ISLA 545,ISLA 546,ISLA 232D1,ISLA 232D2,ISLA 333D1,ISLA 333D2,ISLA 443D1,ISLA 443D2,ISLA 535D1,ISLA 535D2,ISLA 560,ISLA 251D1,ISLA 251D2,ISLA 352D1,ISLA 352D2,ISLA 553,ISLA 554,ISLA 555
World Islamic and Middle East Studies Major Concentration (B.A.) (36 credits),ISLA 221D1,ISLA 221D2,ISLA 322,ISLA 322D1,ISLA 322D2,ISLA 423D1,ISLA 423D2,ISLA 524,ISLA 525,ISLA 526,ISLA 241D1,ISLA 241D2,ISLA 342D1,ISLA 342D2,ISLA 443D1,ISLA 443D2,ISLA 545,ISLA 546,ISLA 232D1,ISLA 232D2,ISLA 333D1,ISLA 333D2,ISLA 434D1,ISLA 434D2,ISLA 535D1,ISLA 535D2,ISLA 560,ISLA 251D1,ISLA 251D2,ISLA 352D1,ISLA 352D2,ISLA 553,ISLA 554,ISLA 555,ISLA 200,ISLA 210,ISLA 300,ISLA 305,ISLA 310,ISLA 311,ISLA 315,ISLA 320,ISLA 325,ISLA 330,ISLA 355,ISLA 360,ISLA 365,ISLA 370,ISLA 375,ISLA 380,ISLA 383,ISLA 385,ISLA 388,ISLA 390,ISLA 392,ISLA 395,ISLA 499,ISLA 410,ISLA 411,ISLA 415,ISLA 420,ISLA 421,ISLA 430,ISLA 488,ISLA 489,ISLA 502,ISLA 505,ISLA 506,ISLA 511,ISLA 512,ISLA 515,ISLA 516,ISLA 526,ISLA 530,ISLA 555,ISLA 580,ISLA 581,ISLA 582,ISLA 585,ANTH 209,ANTH 318,ANTH 327,HIST 209,HIST 240,HIST 305,HIST 340,HIST 341,HIST 435,HIST 446,HIST 591D1,HIST 591D2,JWST 220D1,JWST 220D2,JWST 245,JWST 261,JWST 312,JWST 320D1,JWST 320D2,JWST 323,JWST 334,JWST 338,JWST 340D1,JWST 340D2,JWST 348,JWST 366,JWST 367,JWST 370,PHIL 356,POLI 340,POLI 341,POLI 347,RELG 204,RELG 307,RELG 309,RELG 440
World Islamic and Middle East Studies Honours (B.A.) (60 credits),ISLA 495,ISLA 496,ISLA 221D1,ISLA 221D2,ISLA 322,ISLA 322D1,ISLA 322D2,ISLA 423D1,ISLA 423D2,ISLA 524,ISLA 525,ISLA 526,ISLA 241D1,ISLA 241D2,ISLA 342D1,ISLA 342D2,ISLA 443D1,ISLA 443D2,ISLA 545,ISLA 546,ISLA 232D1,ISLA 232D2,ISLA 333D1,ISLA 333D2,ISLA 434D1,ISLA 434D2,ISLA 535D1,ISLA 535D2,ISLA 560,ISLA 251D1,ISLA 251D2,ISLA 352D1,ISLA 352D2,ISLA 553,ISLA 554,ISLA 555,ISLA 200,ISLA 210,ISLA 300,ISLA 305,ISLA 310,ISLA 311,ISLA 315,ISLA 320,ISLA 325,ISLA 330,ISLA 355,ISLA 360,ISLA 365,ISLA 370,ISLA 375,ISLA 380,ISLA 383,ISLA 385,ISLA 388,ISLA 390,ISLA 392,ISLA 395,ISLA 499,ISLA 410,ISLA 411,ISLA 415,ISLA 420,ISLA 421,ISLA 430,ISLA 488,ISLA 489,ISLA 502,ISLA 505,ISLA 506,ISLA 511,ISLA 512,ISLA 515,ISLA 516,ISLA 530,ISLA 555,ISLA 580,ISLA 581,ISLA 582,ISLA 585,ANTH 209,ANTH 318,ANTH 327,HIST 209,HIST 240,HIST 305,HIST 340,HIST 341,HIST 435,HIST 446,JWST 220D1,JWST 220D2,JWST 245,JWST 261,JWST 312,JWST 320D1,JWST 320D2,JWST 323,JWST 334,JWST 338,JWST 348,JWST 340D1,JWST 340D2,JWST 366,JWST 367,JWST 370,PHIL 356,POLI 340,POLI 341,POLI 347,RELG 204,RELG 307,RELG 309,RELG 440
World Islamic and Middle East Studies Joint Honours Component (B.A.) (36 credits),ISLA 495,ISLA 221D1,ISLA 221D2,ISLA 322,ISLA 322D1,ISLA 322D2,ISLA 423D1,ISLA 423D2,ISLA 524,ISLA 525,ISLA 526,ISLA 241D1,ISLA 241D2,ISLA 342D1,ISLA 342D2,ISLA 443D1,ISLA 443D2,ISLA 545,ISLA 546,ISLA 232D1,ISLA 232D2,ISLA 333D1,ISLA 333D2,ISLA 434D1,ISLA 434D2,ISLA 535D1,ISLA 535D2,ISLA 560,ISLA 251D1,ISLA 251D2,ISLA 352D1,ISLA 352D2,ISLA 553,ISLA 554,ISLA 555,ISLA 200,ISLA 210,ISLA 300,ISLA 305,ISLA 310,ISLA 311,ISLA 315,ISLA 320,ISLA 325,ISLA 330,ISLA 355,ISLA 360,ISLA 370,ISLA 375,ISLA 380,ISLA 383,ISLA 385,ISLA 388,ISLA 390,ISLA 392,ISLA 395,ISLA 499,ISLA 410,ISLA 411,ISLA 415,ISLA 420,ISLA 421,ISLA 430,ISLA 488,ISLA 489,ISLA 502,ISLA 505,ISLA 506,ISLA 511,ISLA 512,ISLA 515,ISLA 516,ISLA 530,ISLA 555,ISLA 580,ISLA 585,ANTH 209,ANTH 318,ANTH 327,HIST 209,HIST 240,HIST 305,HIST 340,HIST 341,HIST 435,HIST 446,HIST 591D1,HIST 591D2,JWST 220D1,JWST 220D2,JWST 245,JWST 261,JWST 312,JWST 320D1,JWST 320D2,JWST 323,JWST 334,JWST 338,JWST 340D1,JWST 340D2,JWST 348,JWST 366,JWST 367,JWST 370,PHIL 356,POLI 340,POLI 341,POLI 347,RELG 204,RELG 307,RELG 309,RELG 440
Jewish Studies Minor Concentration (B.A.) (18 credits),JWST 211,JWST 330,JWST 510,JWST 511,JWST 520,JWST 538,RELG 307,HIST 307,HIST 427,JWST 206,JWST 217,JWST 240,JWST 351,JWST 361,JWST 365,JWST 366,JWST 381,JWST 383,JWST 485,JWST 486,JWST 585,JWST 586,HIST 207,HIST 219,HIST 307,HIST 427,HIST 572D1,HIST 572D2,JWST 211,JWST 216,JWST 217,JWST 240,JWST 306,JWST 314,JWST 315,JWST 361,JWST 365,JWST 366,EDER 318,HIST 207,HIST 219,HIST 427,JWST 201,JWST 216,JWST 217,JWST 261,JWST 314,JWST 315,JWST 337,JWST 338,JWST 358,JWST 359,JWST 365,JWST 366,JWST 474,JWST 558,JWST 199,JWST 220D1,JWST 220D2,JWST 225,JWST 320D1,JWST 320D2,JWST 323,JWST 325,JWST 340D1,JWST 340D2,JWST 367,JWST 370,JWST 383,JWST 403,JWST 206,JWST 281,JWST 282,JWST 351,JWST 361,JWST 381,JWST 383,JWST 387,JWST 480,JWST 481,JWST 485,JWST 486,EDER 319,HIST 219,HIST 427,HIST 572D1,HIST 572D2,JWST 217,JWST 240,JWST 309,JWST 346,JWST 348,JWST 349,JWST 351,JWST 359,JWST 361,JWST 365,JWST 366,JWST 383,JWST 386,JWST 387,JWST 558,JWST 585,JWST 586,POLI 347,HIST 207,HIST 219,JWST 201,JWST 216,JWST 217,JWST 316,JWST 345,JWST 358,JWST 359,JWST 474,JWST 538,HIST 207,HIST 219,HIST 307,HIST 427,HIST 572D1,HIST 572D2
Jewish Studies Major Concentration (B.A.) (36 credits),HIST 207,HIST 219,JWST 211,JWST 216,JWST 217,JWST 327,JWST 330,JWST 340D1,JWST 340D2,JWST 367,JWST 370,JWST 211,JWST 330,JWST 510,JWST 511,JWST 520,JWST 538,RELG 307,HIST 307,HIST 427,JWST 206,JWST 217,JWST 240,JWST 351,JWST 361,JWST 365,JWST 366,JWST 381,JWST 383,JWST 485,JWST 486,JWST 585,JWST 586,HIST 207,HIST 219,HIST 307,HIST 427,HIST 572D1,HIST 572D2,JWST 211,JWST 216,JWST 217,JWST 240,JWST 306,JWST 314,JWST 315,JWST 361,JWST 365,JWST 366,EDER 318,HIST 207,HIST 219,HIST 427,JWST 201,JWST 216,JWST 217,JWST 261,JWST 314,JWST 315,JWST 337,JWST 338,JWST 358,JWST 359,JWST 365,JWST 366,JWST 474,JWST 558,JWST 199,JWST 220D1,JWST 220D2,JWST 225,JWST 320D1,JWST 320D2,JWST 323,JWST 325,JWST 340D1,JWST 340D2,JWST 367,JWST 370,JWST 383,JWST 403,JWST 206,JWST 281,JWST 282,JWST 351,JWST 361,JWST 381,JWST 383,JWST 387,JWST 480,JWST 481,JWST 485,JWST 486,EDER 319,HIST 219,HIST 427,HIST 572D1,HIST 572D2,JWST 217,JWST 240,JWST 309,JWST 346,JWST 348,JWST 349,JWST 351,JWST 359,JWST 361,JWST 365,JWST 366,JWST 383,JWST 386,JWST 387,JWST 558,JWST 585,JWST 586,POLI 347,HIST 207,HIST 219,JWST 201,JWST 216,JWST 217,JWST 316,JWST 345,JWST 358,JWST 359,JWST 474,JWST 538,HIST 207,HIST 219,HIST 307,HIST 427,HIST 572D1,HIST 572D2
Jewish Studies Honours (B.A.) (60 credits),JWST 211,JWST 491,JWST 492,HIST 207,JWST 216,HIST 219,JWST 217,JWST 211,JWST 330,JWST 510,JWST 511,JWST 520,JWST 538,RELG 307,HIST 307,HIST 427,JWST 206,JWST 217,JWST 240,JWST 351,JWST 361,JWST 365,JWST 366,JWST 381,JWST 383,JWST 485,JWST 486,JWST 585,JWST 586,HIST 207,HIST 219,HIST 307,HIST 427,HIST 572D1,HIST 572D2,JWST 211,JWST 216,JWST 217,JWST 240,JWST 306,JWST 314,JWST 315,JWST 361,JWST 365,JWST 366,EDER 318,HIST 207,HIST 219,HIST 427,JWST 201,JWST 216,JWST 217,JWST 261,JWST 314,JWST 315,JWST 337,JWST 338,JWST 358,JWST 359,JWST 365,JWST 366,JWST 474,JWST 558,JWST 199,JWST 220D1,JWST 220D2,JWST 225,JWST 320D1,JWST 320D2,JWST 323,JWST 325,JWST 340D1,JWST 340D2,JWST 367,JWST 370,JWST 383,JWST 403,JWST 206,JWST 281,JWST 282,JWST 351,JWST 361,JWST 381,JWST 383,JWST 387,JWST 480,JWST 481,JWST 485,JWST 486,EDER 319,HIST 219,HIST 427,HIST 572D1,HIST 572D2,JWST 217,JWST 240,JWST 309,JWST 346,JWST 348,JWST 349,JWST 351,JWST 359,JWST 361,JWST 365,JWST 366,JWST 383,JWST 386,JWST 387,JWST 558,JWST 585,JWST 586,POLI 347,HIST 207,HIST 219,JWST 201,JWST 216,JWST 217,JWST 316,JWST 345,JWST 358,JWST 359,JWST 474,JWST 538,HIST 207,HIST 219,HIST 307,HIST 427,HIST 572D1,HIST 572D2
Jewish Studies Joint Honours Component (B.A.) (36 credits),JWST 211,JWST 491,JWST 492,HIST 207,JWST 216,HIST 219,JWST 217,JWST 340D1,JWST 340D2,JWST 480,JWST 481,JWST 211,JWST 330,JWST 510,JWST 511,JWST 520,JWST 538,RELG 307,HIST 307,HIST 427,JWST 206,JWST 217,JWST 240,JWST 351,JWST 361,JWST 365,JWST 366,JWST 381,JWST 383,JWST 485,JWST 486,JWST 585,JWST 586,HIST 207,HIST 219,HIST 307,HIST 427,HIST 572D1,HIST 572D2,JWST 211,JWST 216,JWST 217,JWST 240,JWST 306,JWST 314,JWST 315,JWST 361,JWST 365,JWST 366,EDER 318,HIST 207,HIST 219,HIST 427,JWST 201,JWST 216,JWST 217,JWST 261,JWST 314,JWST 315,JWST 337,JWST 338,JWST 358,JWST 359,JWST 365,JWST 366,JWST 474,JWST 558,JWST 199,JWST 220D1,JWST 220D2,JWST 225,JWST 320D1,JWST 320D2,JWST 323,JWST 325,JWST 340D1,JWST 340D2,JWST 367,JWST 370,JWST 383,JWST 403,JWST 206,JWST 281,JWST 282,JWST 351,JWST 361,JWST 381,JWST 383,JWST 387,JWST 480,JWST 481,JWST 485,JWST 486,EDER 319,HIST 219,HIST 427,HIST 572D1,HIST 572D2,JWST 217,JWST 240,JWST 309,JWST 346,JWST 348,JWST 349,JWST 351,JWST 359,JWST 361,JWST 365,JWST 366,JWST 383,JWST 386,JWST 387,JWST 558,JWST 585,JWST 586,POLI 347,HIST 207,HIST 219,JWST 201,JWST 216,JWST 217,JWST 316,JWST 345,JWST 358,JWST 359,JWST 474,JWST 538,HIST 207,HIST 219,HIST 307,HIST 427,HIST 572D1,HIST 572D2
European Literature and Culture Minor Concentration (B.A.) (18 credits),LLCU 210,GERM 355,GERM 357,GERM 358,GERM 364,GERM 365,GERM 367,GERM 368,GERM 369,GERM 370,HISP 225,HISP 226,HISP 301,ITAL 355,ITAL 365,ITAL 374,ITAL 464,ITAL 477,LLCU 200,LLCU 201,LLCU 220,LLCU 230,LLCU 279,LLCU 300,LLCU 301,RUSS 217,RUSS 218,RUSS 223,RUSS 224,RUSS 330,RUSS 337,RUSS 340,RUSS 357,RUSS 358,RUSS 385,RUSS 427,RUSS 428,RUSS 430,RUSS 440,CLAS 203,CLAS 301,CLAS 302,CLAS 306,CLAS 336,ENGL 200,ENGL 201,ENGL 215,ENGL 310,ENGL 314,ENGL 329,ENGL 337,ENGL 347,ENGL 349,ENGL 356,ENGL 447,ENGL 456,FREN 355,FREN 360,FREN 362,FREN 364,FREN 366,FREN 453,FREN 455,FREN 456,FREN 457,FREN 458,FREN 459,FREN 482,FREN 485
German Language Minor Concentration (B.A.) (18 credits),GERM 200,GERM 202,GERM 202D1,GERM 202D2,GERM 300,GERM 307,GERM 307D1,GERM 307D2,GERM 325,GERM 255,GERM 326,GERM 331,GERM 332,GERM 335,GERM 336,GERM 337,GERM 340,GERM 344,GERM 348,GERM 350,GERM 351,GERM 362,GERM 364,GERM 365,GERM 366,GERM 368,GERM 369,GERM 371,GERM 372,GERM 375,GERM 379,GERM 381,GERM 385,GERM 388,GERM 390,GERM 397
German Studies Minor Concentration (B.A.) (18 credits),GERM 255,GERM 259,GERM 260,GERM 325,GERM 326,GERM 331,GERM 332,GERM 335,GERM 336,GERM 337,GERM 340,GERM 344,GERM 348,GERM 350,GERM 351,GERM 355,GERM 357,GERM 358,GERM 362,GERM 364,GERM 365,GERM 366,GERM 368,GERM 369,GERM 371,GERM 372,GERM 373,GERM 375,GERM 379,GERM 381,GERM 385,GERM 388,GERM 390,GERM 397
German Studies Major Concentration (B.A.) (36 credits),GERM 200,GERM 202,GERM 202D1,GERM 202D2,GERM 300,GERM 307,GERM 307D1,GERM 307D2,GERM 325,GERM 255,GERM 259,GERM 260,GERM 326,GERM 331,GERM 332,GERM 335,GERM 336,GERM 337,GERM 340,GERM 344,GERM 348,GERM 350,GERM 351,GERM 355,GERM 357,GERM 358,GERM 362,GERM 364,GERM 365,GERM 366,GERM 368,GERM 369,GERM 371,GERM 372,GERM 373,GERM 375,GERM 379,GERM 381,GERM 385,GERM 388,GERM 390,GERM 397,GERM 580
German Studies Honours (B.A.) (60 credits),GERM 575,GERM 200,GERM 202,GERM 202D1,GERM 202D1,GERM 300,GERM 307,GERM 307D1,GERM 307D2,GERM 325,GERM 255,GERM 259,GERM 260,GERM 331,GERM 332,GERM 335,GERM 336,GERM 337,GERM 340,GERM 344,GERM 348,GERM 350,GERM 351,GERM 355,GERM 357,GERM 358,GERM 362,GERM 364,GERM 365,GERM 366,GERM 368,GERM 369,GERM 371,GERM 372,GERM 375,GERM 379,GERM 381,GERM 385,GERM 388,GERM 390,GERM 397,GERM 580
German Studies Joint Honours Component (B.A.) (36 credits),GERM 570,GERM 200,GERM 202,GERM 202D1,GERM 202D2,GERM 300,GERM 307,GERM 307D1,GERM 307D2,GERM 325,GERM 255,GERM 259,GERM 260,GERM 331,GERM 332,GERM 336,GERM 337,GERM 340,GERM 344,GERM 348,GERM 350,GERM 351,GERM 355,GERM 357,GERM 358,GERM 362,GERM 364,GERM 365,GERM 366,GERM 368,GERM 369,GERM 371,GERM 372,GERM 375,GERM 379,GERM 381,GERM 385,GERM 388,GERM 390,GERM 397,GERM 580
Hispanic Studies Minor Concentration (B.A.) (18 credits),HISP 210,HISP 218,HISP 219,HISP 220
Hispanic Studies Major Concentration (B.A.) (36 credits),HISP 210D1,HISP 210D2,HISP 218,HISP 219,HISP 220D1,HISP 220D2,HISP 225,HISP 226,HISP 245,HISP 246,HISP 247,HISP 248,HISP 320,HISP 325,HISP 326,HISP 328,HISP 332,HISP 333,HISP 335,HISP 340,HISP 341,HISP 345,HISP 352,HISP 356,HISP 357,HISP 358,HISP 432,HISP 437,HISP 438,HISP 439,HISP 451,HISP 454,HISP 455,HISP 458,HISP 505
Hispanic Studies Honours (B.A.) (60 credits),HISP 245,HISP 246,HISP 247,HISP 248,HISP 490D1,HISP 490D2
Hispanic Studies Joint Honours Component (B.A.) (36 credits),HISP 490D1,HISP 490D2,HISP 245,HISP 246,HISP 247,HISP 248
Italian Studies Minor Concentration (B.A.) (18 credits),ITAL 205D1,ITAL 205D2,ITAL 206,ITAL 210D1,ITAL 210D2,ITAL 215D1,ITAL 215D2,ITAL 216,ITAL 250,ITAL 255,ITAL 260,ITAL 290,ITAL 295,ITAL 310,ITAL 329,ITAL 332,ITAL 345,ITAL 356,ITAL 360,ITAL 371,ITAL 383,ITAL 400,ITAL 410,ITAL 560,ITAL 199,ITAL 230,ITAL 307,ITAL 355,ITAL 363,ITAL 365,ITAL 374,ITAL 375,ITAL 464,ITAL 477
Italian Studies Major Concentration (B.A.) (36 credits),ITAL 205D1,ITAL 205D2,ITAL 206,ITAL 210D1,ITAL 210D2,ITAL 215D1,ITAL 215D2,ITAL 216,ITAL 250,ITAL 255,ITAL 260,ITAL 290,ITAL 295,ITAL 310,ITAL 329,ITAL 332,ITAL 345,ITAL 356,ITAL 360,ITAL 371,ITAL 383,ITAL 400,ITAL 410,ITAL 560,ITAL 199,ITAL 230,ITAL 307,ITAL 355,ITAL 363,ITAL 365,ITAL 374,ITAL 375,ITAL 464,ITAL 477
Italian Studies Honours (B.A.) (54 credits),ITAL 471D1,ITAL 471D2,ITAL 472,ITAL 205D1,ITAL 205D2,ITAL 206,ITAL 210D1,ITAL 210D2,ITAL 215D1,ITAL 215D2,ITAL 216,ITAL 250,ITAL 255,ITAL 260,ITAL 290,ITAL 295,ITAL 307,ITAL 310,ITAL 329,ITAL 332,ITAL 345,ITAL 356,ITAL 360,ITAL 371,ITAL 383,ITAL 400,ITAL 410,ITAL 560,ITAL 199,ITAL 230,ITAL 355,ITAL 363,ITAL 365,ITAL 374,ITAL 375,ITAL 464,ITAL 477,ARTH 223,ARTH 325,CLAS 302,CLAS 404,ENGL 447,HIST 345,HIST 380,HIST 398,HIST 401AA,MUHL 387
Italian Studies Joint Honours Component (B.A.) (36 credits),ITAL 355,ITAL 470,ITAL 205D1,ITAL 205D2,ITAL 206,ITAL 210D1,ITAL 210D2,ITAL 215D1,ITAL 215D2,ITAL 216,ITAL 250,ITAL 255,ITAL 260,ITAL 290,ITAL 295,ITAL 307,ITAL 310,ITAL 332,ITAL 356,ITAL 360,ITAL 383,ITAL 400,ITAL 410,ITAL 560,ITAL 199,ITAL 355,ITAL 365,ITAL 375,ITAL 464,ITAL 477,ARTH 223,ARTH 325,CLAS 302,CLAS 404,ENGL 447,HIST 345,HIST 380,HIST 398,HIST 401AA,MUHL 387
Latin American and Caribbean Studies Minor Concentration (B.A.) (18 credits),LACS 497,HISP 210D1,HISP 210D2,HISP 218,HISP 219,HISP 220D1,HISP 220D2,HISP 243,HISP 244,HIST 210,LACS 480,LACS 499,POLI 319,ANTH 212,ANTH 307,ANTH 319,ANTH 326,ANTH 332,ECON 313,ECON 314,ENGL 431,GEOG 310,GEOG 404,GEOG 408,GEOG 498,GEOG 510,HISP 219,HISP 220D1,HISP 220D2,HISP 225,HISP 226,HISP 301,HISP 320,HISP 328,HISP 332,HISP 333,HISP 340,HISP 352,HISP 356,HISP 357,HISP 358,HISP 432,HISP 437,HISP 439,HISP 455,HISP 505,HIST 223,HIST 360,HIST 366,HIST 409AA,or HIST 409AB,HIST 580D1,HIST 580D2,POLI 227
Latin American and Caribbean Studies Major Concentration (B.A.) (36 credits),HISP 243,HISP 244,HIST 210,LACS 497,POLI 319,ANTH 212,ANTH 307,ANTH 319,ANTH 326,ANTH 428,ECON 313,ECON 314,ENGL 431,GEOG 310,GEOG 404,GEOG 408,GEOG 498,GEOG 510,HISP 202,HISP 210D1,HISP 210D2,HISP 218,HISP 219,HISP 220D1,HISP 220D2,HISP 225,HISP 226,HISP 301,HISP 320,HISP 328,HISP 332,HISP 333,HISP 340,HISP 352,HISP 356,HISP 357,HISP 358,HISP 432,HISP 437,HISP 439,HISP 455,HISP 505,HIST 223,HIST 360,HIST 366,HIST 409AA,or HIST 409AB,HIST 564D1,HIST 564D2,HIST 580D1,HIST 580D2,LACS 480,LACS 499,POLI 227
Latin American and Caribbean Studies Honours (B.A.) (60 credits),HISP 243,HISP 244,HIST 210,LACS 497,LACS 498,POLI 319,HISP 210D1,HISP 210D2,HISP 218,HISP 219,HISP 220D1,HISP 220D2,LACS 499,HISP 225,HISP 226,HISP 328,HISP 332,HISP 333,HISP 335,HISP 340,HISP 352,HISP 356,HISP 357,HISP 358,HISP 432,HISP 437,HISP 455,HISP 505,ECON 313,ECON 314,HIST 223,HIST 360,HIST 366,HIST 409AA,or HIST 409AB,HIST 564D1,HIST 564D2,HIST 580D1,HIST 580D2,POLI 227,ANTH 212,ANTH 307,ANTH 319,ANTH 326,GEOG 310,GEOG 404,GEOG 408,GEOG 498,GEOG 510
Latin American and Caribbean Studies Joint Honours Component (B.A.) (36 credits),HISP 243,HISP 244,HIST 210,LACS 497,LACS 498,POLI 319,ANTH 212,ANTH 307,ANTH 319,ANTH 326,ANTH 428,ECON 313,ECON 314,ENGL 431,GEOG 310,GEOG 404,GEOG 408,GEOG 498,GEOG 510,HISP 219,HISP 220D1,HISP 220D2,HISP 225,HISP 226,HISP 301,HISP 320,HISP 328,HISP 332,HISP 333,HISP 340,HISP 352,HISP 356,HISP 357,HISP 358,HISP 432,HISP 437,HISP 439,HISP 455,HISP 505,HIST 223,HIST 360,HIST 366,HIST 409AA,or HIST 409AB,HIST 580D1,HIST 580D2,POLI 227
Liberal Arts Major Concentration (B.A.) (36 credits),LIBA 202,LIBA 402,ARTH 204,ARTH 205,ARTH 207,ARTH 209,CLAS 203,CLAS 301,CLAS 302,EAST 211,EAST 212,EAST 213,EAST 215,ENGL 202,ENGL 203,ENGL 215,ENGL 230,FREN 250,FREN 251,FREN 252,GERM 259,HISP 225,ISLA 200,ISLA 210,ITAL 230,ITAL 295,LLCU 220,RELG 203,RUSS 223,RUSS 224,AFRI 401,ARCH 250,ARCH 251,ARCH 354,ARCH 355,ARCH 531,ARCH 532,ARTH 352,EAST 307,EAST 308,EAST 350,EAST 351,EAST 352,EAST 353,EAST 362,EAST 453,EAST 454,EAST 461,EAST 464,EAST 467,EAST 550,EAST 569,HIST 345,HIST 405,HIST 411,HIST 426,ISLA 385,ISLA 388,ISLA 390,ISLA 392,ISLA 488,ISLA 585,LIBA 395,PHIL 336,PHIL 436,RELG 210,RELG 302,RELG 303,RELG 307,RELG 311,RELG 312,RELG 455,CATH 200,COMS 200,COMS 210,COMS 230,EAST 211,EAST 212,EAST 213,EAST 215,HIST 200,HIST 201,HIST 202,HIST 203,HIST 205,HIST 207,HIST 208,HIST 213,HIST 214,HIST 215,ISLA 200,ISLA 210,ISLA 375,ISLA 530,POLI 212,POLI 227,POLI 231,POLI 243,POLI 244,SOCI 210,SOCI 211,ANTH 202,ANTH 206,ANTH 212,ANTH 318,ANTH 322,ANTH 327,ANTH 338,ANTH 355,ARTH 310,CATH 340,CLAS 203,CLAS 308,CLAS 404,CLAS 406,EAST 303,EAST 304,EAST 305,EAST 306,EAST 313,EAST 314,EAST 364,EAST 370,EAST 462,EAST 493,EAST 494,FREN 336,GERM 331,GERM 357,GERM 364,GERM 365,GERM 368,HISP 437,ISLA 310,ISLA 311,ISLA 325,ISLA 355,ISLA 360,ISLA 365,ISLA 410,ISLA 411,ISLA 415,ISLA 420,ISLA 421,ISLA 580,ITAL 230,ITAL 295,ITAL 356,ITAL 363,ITAL 365,ITAL 371,ITAL 400,JWST 211,JWST 216,JWST 217,JWST 240,JWST 306,JWST 361,JWST 365,JWST 366,LIBA 395,LLCU 212,RELG 201,RELG 203,RELG 204,RELG 270,RELG 322,RELG 323,RELG 326,RELG 331,RELG 334,RELG 338,RELG 375,RUSS 217,RUSS 229,RUSS 427,RUSS 428,RUSS 430,ISLA 200,ISLA 210,JWST 211,JWST 216,PHIL 230,PHIL 240,POLI 231,RELG 201,RELG 203,RELG 204,RELG 207,RELG 252,RELG 253,RELG 321,RELG 334,RELG 341,RELG 373,RELG 380,ANTH 209,ANTH 318,CLAS 203,CLAS 303,ENVR 203,ENVR 400,GERM 355,GERM 367,HIST 320,HIST 350,HIST 440,ITAL 355,LIBA 395,LLCU 301
Liberal Arts Honours (B.A.) (60 credits),LIBA 202,LIBA 402,LIBA 490,ARTH 204,ARTH 205,ARTH 207,ARTH 209,CLAS 203,CLAS 301,CLAS 302,EAST 211,EAST 212,EAST 213,EAST 215,ENGL 202,ENGL 203,ENGL 215,ENGL 230,FREN 250,FREN 251,FREN 252,GERM 259,HISP 225,ISLA 200,ISLA 210,ITAL 230,ITAL 295,LLCU 220,RELG 203,RUSS 223,RUSS 224,AFRI 401,ARCH 250,ARCH 251,ARCH 354,ARCH 355,ARCH 531,ARCH 532,ARTH 352,EAST 307,EAST 308,EAST 350,EAST 351,EAST 352,EAST 353,EAST 362,EAST 453,EAST 454,EAST 461,EAST 464,EAST 467,EAST 550,EAST 569,HIST 345,HIST 405,HIST 411,HIST 426,ISLA 385,ISLA 388,ISLA 390,ISLA 392,ISLA 488,ISLA 585,LIBA 395,PHIL 336,PHIL 436,RELG 210,RELG 302,RELG 303,RELG 307,RELG 311,RELG 312,RELG 455,CATH 200,COMS 200,COMS 210,COMS 230,EAST 211,EAST 212,EAST 213,EAST 215,HIST 200,HIST 201,HIST 202,HIST 203,HIST 205,HIST 207,HIST 208,HIST 213,HIST 214,HIST 215,ISLA 200,ISLA 210,ISLA 375,ISLA 530,POLI 212,POLI 227,POLI 231,POLI 243,POLI 244,SOCI 210,SOCI 211,ANTH 202,ANTH 206,ANTH 212,ANTH 318,ANTH 322,ANTH 327,ANTH 338,ANTH 355,ARTH 310,CATH 340,CLAS 203,CLAS 308,CLAS 404,CLAS 406,EAST 303,EAST 304,EAST 305,EAST 306,EAST 313,EAST 314,EAST 364,EAST 370,EAST 462,EAST 493,EAST 494,FREN 336,GERM 331,GERM 357,GERM 364,GERM 365,GERM 368,HISP 437,ISLA 310,ISLA 311,ISLA 325,ISLA 355,ISLA 360,ISLA 365,ISLA 410,ISLA 411,ISLA 415,ISLA 420,ISLA 421,ISLA 580,ITAL 230,ITAL 295,ITAL 356,ITAL 363,ITAL 365,ITAL 371,ITAL 400,JWST 211,JWST 216,JWST 217,JWST 240,JWST 306,JWST 361,JWST 365,JWST 366,LIBA 395,LLCU 212,RELG 201,RELG 203,RELG 204,RELG 270,RELG 322,RELG 323,RELG 326,RELG 331,RELG 334,RELG 338,RELG 375,RUSS 217,RUSS 229,RUSS 427,RUSS 428,RUSS 430,ISLA 200,ISLA 210,JWST 211,JWST 216,PHIL 230,PHIL 240,POLI 231,RELG 201,RELG 203,RELG 204,RELG 207,RELG 252,RELG 253,RELG 321,RELG 334,RELG 341,RELG 373,RELG 380,ANTH 209,ANTH 318,CLAS 203,CLAS 303,ENVR 203,ENVR 400,GERM 355,GERM 367,HIST 320,HIST 350,HIST 440,ITAL 355,LIBA 395,LLCU 301
Russian Minor Concentration (B.A.) (18 credits),RUSS 210,RUSS 211,RUSS 215,RUSS 301,RUSS 310,RUSS 311,RUSS 316,RUSS 327,RUSS 328,RUSS 415,RUSS 453
Russian Culture Minor Concentration (B.A.) (18 credits),RUSS 217,RUSS 218,RUSS 223,RUSS 224,RUSS 213,RUSS 229,RUSS 250,RUSS 330,RUSS 333,RUSS 337,RUSS 340,RUSS 347,RUSS 350,RUSS 357,RUSS 358,RUSS 365,RUSS 369,RUSS 381,RUSS 382,RUSS 385,RUSS 390,RUSS 395,RUSS 397,RUSS 398,RUSS 427,RUSS 428,RUSS 430,RUSS 440,RUSS 475,RUSS 500,RUSS 501
Russian Major Concentration (B.A.) (36 credits),RUSS 210,RUSS 211,RUSS 215,RUSS 301,RUSS 310,RUSS 311,RUSS 316,RUSS 327,RUSS 328,RUSS 415,RUSS 453,RUSS 217,RUSS 218,RUSS 223,RUSS 224,RUSS 229,RUSS 213,RUSS 250,RUSS 330,RUSS 333,RUSS 337,RUSS 340,RUSS 347,RUSS 350,RUSS 357,RUSS 358,RUSS 365,RUSS 369,RUSS 381,RUSS 382,RUSS 385,RUSS 390,RUSS 395,RUSS 397,RUSS 398,RUSS 427,RUSS 428,RUSS 430,RUSS 440,RUSS 475,RUSS 500,RUSS 501
Russian Honours (B.A.) (60 credits),RUSS 452,RUSS 453,RUSS 490,RUSS 491,RUSS 210,RUSS 211,RUSS 215,RUSS 310,RUSS 311,RUSS 316,RUSS 415,RUSS 213,RUSS 217,RUSS 218,RUSS 223,RUSS 224,RUSS 229,RUSS 250,RUSS 327,RUSS 328,RUSS 330,RUSS 333,RUSS 337,RUSS 340,RUSS 347,RUSS 350,RUSS 357,RUSS 358,RUSS 365,RUSS 369,RUSS 381,RUSS 382,RUSS 385,RUSS 390,RUSS 397,RUSS 398,RUSS 427,RUSS 428,RUSS 430,RUSS 440,RUSS 475,RUSS 500,RUSS 501,ANTH 303,HIST 216,HIST 226,HIST 306,HIST 313,HIST 316,HIST 326,HIST 406,HIST 576D1,HIST 576D2,JWST 303,POLI 329,POLI 331,SOCI 455
Russian Joint Honours Component (B.A.) (36 credits),RUSS 490,RUSS 210,RUSS 211,RUSS 215,RUSS 301,RUSS 310,RUSS 311,RUSS 316,RUSS 327,RUSS 328,RUSS 415,RUSS 453,RUSS 217,RUSS 218,RUSS 223,RUSS 224,RUSS 229,RUSS 250,RUSS 213,RUSS 330,RUSS 333,RUSS 337,RUSS 340,RUSS 347,RUSS 350,RUSS 357,RUSS 358,RUSS 365,RUSS 369,RUSS 381,RUSS 382,RUSS 385,RUSS 390,RUSS 395,RUSS 397,RUSS 398,RUSS 427,RUSS 428,RUSS 430,RUSS 440,RUSS 475,RUSS 500,RUSS 501,ANTH 303,HIST 216,HIST 226,HIST 306,HIST 313,HIST 316,HIST 326,HIST 406,HIST 576D1,HIST 576D2,JWST 303,POLI 329,POLI 331,SOCI 455
Linguistics Minor Concentration (B.A.) (18 credits),LING 201,LING 330,LING 371,COMP 230,MATH 318,PHIL 210
Linguistics Major Concentration (B.A.) (36 credits),LING 201,LING 330,LING 331,LING 360,LING 371,COMP 230,MATH 318,PHIL 210
Linguistics Honours (B.A.) (60 credits),LING 201,LING 330,LING 331,LING 360,LING 371,LING 480D1,LING 480D2,COMP 230,MATH 318,PHIL 210,COMP 202,COMP 230,COMP 250,FREN 231,FREN 336,FREN 434,MATH 240,PHIL 306,PHIL 415,PSYC 311,PSYC 340,PSYC 341,PSYC 433,PSYC 530
Mathematics Minor Concentration (B.A.) (18 credits),MATH 133,MATH 140,MATH 141,MATH 222,MATH 235,MATH 236,MATH 315,MATH 222,MATH 223,MATH 315,MATH 249,MATH 314,MATH 316,MATH 317,MATH 318,MATH 319,MATH 323,MATH 324,MATH 326,MATH 327,MATH 340,MATH 346,MATH 348,MATH 417,MATH 451
Mathematics Concentration (Supplementary Minor) (18 credits),MATH 315,MATH 249,MATH 316,MATH 204,MATH 308,MATH 317,MATH 318,MATH 319,MATH 324,MATH 326,MATH 327,MATH 329,MATH 335,MATH 338,MATH 340,MATH 346,MATH 348,MATH 352,MATH 378,MATH 410,MATH 417,MATH 423,MATH 430,MATH 447,MATH 463,MATH 523,MATH 524,MATH 525
Statistics Minor Concentration (B.A.) (18 credits),MATH 133,MATH 140,MATH 141,MATH 222,MATH 223,MATH 323,MATH 324,MATH 423,MATH 204,MATH 208,MATH 308,MATH 317,MATH 427,MATH 447,MATH 523,MATH 524,MATH 525,MATH 558,MATH 559
Statistics Concentration (Supplementary Minor) (18 credits),MATH 243,MATH 423,COMP 202,COMP 204,COMP 208,COMP 250,COMP 350,MATH 314,MATH 315,MATH 316,MATH 317,MATH 326,MATH 327,MATH 329,MATH 340,MATH 350,MATH 378,MATH 417,MATH 430,MATH 463,COMP 551,MATH 308,MATH 410,MATH 420,MATH 427,MATH 447,MATH 523,MATH 524,MATH 525,MATH 527D1,MATH 527D2,MATH 545,MATH 556,MATH 557,MATH 558,MATH 559,MATH 598,WCOM 314
Statistics Major Concentration (B.A.) (46 credits),MATH 133,MATH 140,MATH 141,MATH 203,MATH 204,MATH 208,MATH 222,MATH 223,MATH 242,MATH 323,MATH 324,COMP 551,MATH 308,MATH 410,MATH 420,MATH 423,MATH 427,MATH 447,MATH 523,MATH 524,MATH 525,MATH 527D1,MATH 527D2,MATH 545,MATH 556,MATH 557,MATH 558,MATH 559,MATH 598,WCOM 314
Statistics Honours (B.A.) (63 credits),MATH 133,MATH 150,MATH 151,COMP 250,MATH 208,MATH 222,MATH 247,MATH 251,MATH 255,MATH 356,MATH 357,MATH 470,MATH 533,MATH 547,MATH 587,MATH 589,MATH 329,MATH 430,MATH 524,MATH 545,MATH 547,COMP 206,COMP 251,COMP 370,COMP 424,COMP 551,MATH 308,MATH 350,MATH 378,MATH 462,MATH 517,MATH 562,MATH 563,MATH 242,MATH 254,MATH 235,MATH 245,COMP 206,COMP 252,MATH 248,MATH 325,MATH 350,MATH 352,MATH 358,MATH 376,MATH 387,MATH 397,MATH 398,MATH 454,MATH 455,MATH 458,MATH 466,MATH 475,MATH 478,MATH 480,MATH 527D1,MATH 527D2,MATH 204,MATH 308,MATH 511,MATH 523,MATH 524,MATH 525,MATH 545,MATH 547,MATH 556,MATH 557,MATH 558,MATH 559,MATH 587,MATH 589,MATH 329,MATH 378,MATH 427,COMP 370,COMP 424,COMP 451,COMP 551,COMP 579,COMP 588,MATH 430,MATH 462,MATH 510,MATH 562,MATH 594,MATH 598
Mathematics Major Concentration (B.A.) (46 credits),MATH 133,MATH 140,MATH 141,MATH 222,MATH 235,MATH 236,MATH 242,MATH 243,MATH 323,MATH 249,MATH 314,MATH 315,MATH 316,MATH 317,MATH 318,MATH 324,MATH 340,MATH 346,MATH 378,MATH 417,MATH 451,MATH 329,MATH 338,MATH 208,MATH 308,MATH 319,MATH 326,MATH 327,MATH 335,MATH 348,MATH 352,MATH 410,MATH 420,MATH 423,MATH 427,MATH 430,MATH 447,MATH 463,MATH 478
Mathematics Joint Honours Component (B.A.) (36 credits),MATH 133,MATH 140,MATH 141,MATH 222,MATH 235,MATH 251,MATH 255,MATH 242,MATH 254,MATH 248,MATH 358,MATH 325,MATH 356,MATH 357,MATH 454,MATH 455,MATH 456,MATH 457,MATH 458,MATH 466
Applied Mathematics Honours (B.Sc.) (63 credits),MATH 133,MATH 150,MATH 151,COMP 250,COMP 252,MATH 222,MATH 247,MATH 251,MATH 255,MATH 325,MATH 350,MATH 356,MATH 357,MATH 358,MATH 376,MATH 470,MATH 475,MATH 242,MATH 254,MATH 235,MATH 245,MATH 249,MATH 466,MATH 387,MATH 397,MATH 204,MATH 208,MATH 308,MATH 329,MATH 338,MATH 430,MATH 451,MATH 462,MATH 478,COMP 362,MATH 352,MATH 365,MATH 377,MATH 398,MATH 454,MATH 455,MATH 456,MATH 457,MATH 458,MATH 462,MATH 480,MATH 488
Mathematics Honours (B.Sc.) (63 credits),MATH 133,MATH 150,MATH 151,MATH 222,MATH 251,MATH 255,MATH 325,MATH 356,MATH 357,MATH 358,MATH 454,MATH 455,MATH 456,MATH 457,MATH 458,MATH 466,MATH 470,MATH 475,MATH 242,MATH 254,MATH 235,MATH 245,MATH 204,MATH 208,MATH 308,MATH 329,MATH 338,MATH 378,MATH 430,MATH 462,MATH 463,COMP 250,COMP 252,MATH 350,MATH 352,MATH 365,MATH 376,MATH 377,MATH 387,MATH 397,MATH 398,MATH 462,MATH 480,MATH 488
Mathematics and Computer Science Honours (B.Sc.) (78 credits),MATH 133,MATH 150,MATH 151,COMP 206,COMP 250,COMP 252,COMP 273,COMP 302,COMP 310,COMP 330,COMP 362,MATH 222,MATH 251,MATH 255,MATH 350,COMP 202,COMP 204,COMP 208,MATH 242,MATH 254,MATH 235,MATH 245,MATH 248,MATH 358,MATH 356,MATH 357,MATH 387,MATH 454,MATH 455,MATH 456,MATH 457
Philosophy Minor Concentration (B.A.) (18 credits),PHIL 230,PHIL 237,PHIL 240,PHIL 242,PHIL 334,PHIL 343,PHIL 348,PHIL 427,PHIL 434,PHIL 442,PHIL 210,PHIL 221,PHIL 306,PHIL 310,PHIL 311,PHIL 341,PHIL 411,PHIL 415,PHIL 419,PHIL 421,PHIL 441,PHIL 470,PHIL 375,PHIL 474,PHIL 475,PHIL 344,PHIL 345,PHIL 350,PHIL 353,PHIL 354,PHIL 355,PHIL 356,PHIL 452,PHIL 453,PHIL 454,PHIL 360,PHIL 361,PHIL 366,PHIL 367,PHIL 444,PHIL 445
History and Philosophy of Science Minor Concentration (B.A.) (18 credits),COMS 210,HPSC 300,PHIL 210,PHIL 221,PHIL 306,PHIL 310,PHIL 311,PHIL 341,PHIL 350,PHIL 411,PHIL 441,PHIL 453,ANTH 359,BIOL 210,HIST 249,HIST 319,HIST 335,HIST 350,HIST 356,HIST 410,HIST 452AA,HIST 457AA,HIST 558,HIST 559,HIST 567D1,HIST 567D2,HPSC 300,HPSC 500,MATH 338,PSYC 403
Philosophy Major Concentration (B.A.) (36 credits),PHIL 210,PHIL 306,PHIL 310,PHIL 311,PHIL 341,PHIL 411,PHIL 415,PHIL 419,PHIL 421,PHIL 441,PHIL 470,PHIL 375,PHIL 474,PHIL 475,PHIL 344,PHIL 345,PHIL 350,PHIL 353,PHIL 354,PHIL 355,PHIL 356,PHIL 452,PHIL 453,PHIL 454,PHIL 360,PHIL 361,PHIL 366,PHIL 367,PHIL 444,PHIL 445,PHIL 230,PHIL 237,PHIL 240,PHIL 242,PHIL 334,PHIL 343,PHIL 348,PHIL 427,PHIL 434,PHIL 442
Philosophy Honours (B.A.) (60 credits),PHIL 210,PHIL 301,PHIL 334,PHIL 499,PHIL 306,PHIL 310,PHIL 411,PHIL 415,PHIL 419,PHIL 421,PHIL 470,PHIL 230,PHIL 237,PHIL 240,PHIL 242,PHIL 345,PHIL 350,PHIL 353,PHIL 354,PHIL 355,PHIL 452,PHIL 453,PHIL 454,PHIL 360,PHIL 361,PHIL 366,PHIL 367,PHIL 444,PHIL 445,PHIL 375,PHIL 474,PHIL 475
Philosophy Joint Honours Component (B.A.) (36 credits),PHIL 210,PHIL 301,PHIL 334,PHIL 306,PHIL 310,PHIL 411,PHIL 415,PHIL 419,PHIL 421,PHIL 470,PHIL 230,PHIL 237,PHIL 240,PHIL 242,PHIL 345,PHIL 350,PHIL 353,PHIL 354,PHIL 355,PHIL 452,PHIL 453,PHIL 454,PHIL 360,PHIL 361,PHIL 366,PHIL 367,PHIL 444,PHIL 445,PHIL 375,PHIL 474,PHIL 475,PHIL 498
Political Science Minor Concentration (B.A.) (18 credits),POLI 221,POLI 222,POLI 226,POLI 318,POLI 320,POLI 321,POLI 336,POLI 342,POLI 348,POLI 371,POLI 372,POLI 379,POLI 410,POLI 412,POLI 417,POLI 424,POLI 426,POLI 427,POLI 436,POLI 212,POLI 227,POLI 316,POLI 318,POLI 319,POLI 322,POLI 324,POLI 325,POLI 328,POLI 329,POLI 330,POLI 331,POLI 338,POLI 339,POLI 340,POLI 357,POLI 361,POLI 369,POLI 380,POLI 381,POLI 420,POLI 421,POLI 422,POLI 423,POLI 424,POLI 430,POLI 431,POLI 432,POLI 435,POLI 450,POLI 451,POLI 452,POLI 473,POLI 476,POLI 243,POLI 244,POLI 341,POLI 342,POLI 345,POLI 346,POLI 347,POLI 349,POLI 350,POLI 351,POLI 352,POLI 353,POLI 354,POLI 355,POLI 358,POLI 359,POLI 360,POLI 362,POLI 441,POLI 442,POLI 443,POLI 444,POLI 445,POLI 447,POLI 448,POLI 449,POLI 450,POLI 451,POLI 452,POLI 231,POLI 333,POLI 334,POLI 362,POLI 363,POLI 364,POLI 365,POLI 366,POLI 367,POLI 368,POLI 433,POLI 434,POLI 458,POLI 459,POLI 470,POLI 210,POLI 311,POLI 312,POLI 313
Political Science Major Concentration (B.A.) (36 credits),POLI 221,POLI 222,POLI 226,POLI 317,POLI 318,POLI 320,POLI 321,POLI 336,POLI 342,POLI 348,POLI 371,POLI 372,POLI 379,POLI 410,POLI 412,POLI 417,POLI 424,POLI 426,POLI 427,POLI 436,POLI 212,POLI 227,POLI 316,POLI 318,POLI 319,POLI 322,POLI 324,POLI 325,POLI 328,POLI 329,POLI 330,POLI 331,POLI 338,POLI 339,POLI 340,POLI 357,POLI 361,POLI 369,POLI 380,POLI 381,POLI 420,POLI 421,POLI 422,POLI 423,POLI 424,POLI 430,POLI 431,POLI 432,POLI 435,POLI 450,POLI 451,POLI 452,POLI 473,POLI 476,POLI 243,POLI 244,POLI 341,POLI 342,POLI 345,POLI 346,POLI 347,POLI 349,POLI 350,POLI 351,POLI 352,POLI 353,POLI 354,POLI 355,POLI 358,POLI 359,POLI 360,POLI 362,POLI 441,POLI 442,POLI 443,POLI 444,POLI 445,POLI 446,POLI 447,POLI 448,POLI 449,POLI 450,POLI 451,POLI 452,POLI 231,POLI 333,POLI 334,POLI 362,POLI 363,POLI 364,POLI 365,POLI 366,POLI 367,POLI 368,POLI 433,POLI 434,POLI 458,POLI 459,POLI 470,POLI 210,POLI 311,POLI 312,POLI 313,POLI 490,POLI 599
Political Science Honours (B.A.) (48 credits),POLI 210,POLI 221,POLI 222,POLI 318,POLI 320,POLI 321,POLI 336,POLI 342,POLI 348,POLI 371,POLI 372,POLI 379,POLI 410,POLI 412,POLI 417,POLI 424,POLI 426,POLI 427,POLI 436,POLI 521,POLI 212,POLI 227,POLI 316,POLI 318,POLI 319,POLI 322,POLI 324,POLI 325,POLI 328,POLI 329,POLI 330,POLI 331,POLI 338,POLI 339,POLI 340,POLI 357,POLI 361,POLI 369,POLI 380,POLI 381,POLI 421,POLI 422,POLI 423,POLI 424,POLI 430,POLI 431,POLI 432,POLI 435,POLI 450,POLI 451,POLI 452,POLI 473,POLI 476,POLI 522,POLI 524,POLI 243,POLI 244,POLI 341,POLI 342,POLI 345,POLI 346,POLI 347,POLI 349,POLI 350,POLI 351,POLI 352,POLI 353,POLI 354,POLI 355,POLI 358,POLI 359,POLI 360,POLI 362,POLI 441,POLI 442,POLI 443,POLI 444,POLI 445,POLI 446,POLI 447,POLI 448,POLI 449,POLI 450,POLI 451,POLI 452,POLI 575,POLI 231,POLI 333,POLI 334,POLI 362,POLI 363,POLI 364,POLI 365,POLI 366,POLI 367,POLI 368,POLI 433,POLI 434,POLI 458,POLI 459,POLI 470,POLI 561,POLI 210,POLI 311,POLI 312,POLI 313,POLI 490,POLI 499,POLI 599
Political Science Joint Honours Component (B.A.) (36 credits),POLI 210,POLI 221,POLI 222,POLI 226,POLI 317,POLI 318,POLI 320,POLI 321,POLI 336,POLI 342,POLI 348,POLI 371,POLI 372,POLI 379,POLI 410,POLI 412,POLI 417,POLI 424,POLI 426,POLI 427,POLI 436,POLI 521,POLI 212,POLI 227,POLI 316,POLI 318,POLI 319,POLI 322,POLI 324,POLI 325,POLI 328,POLI 329,POLI 330,POLI 331,POLI 338,POLI 339,POLI 340,POLI 357,POLI 361,POLI 369,POLI 380,POLI 381,POLI 420,POLI 421,POLI 422,POLI 423,POLI 424,POLI 430,POLI 431,POLI 432,POLI 435,POLI 450,POLI 451,POLI 452,POLI 473,POLI 476,POLI 522,POLI 524,POLI 243,POLI 244,POLI 341,POLI 342,POLI 345,POLI 346,POLI 347,POLI 349,POLI 351,POLI 352,POLI 353,POLI 354,POLI 359,POLI 360,POLI 362,POLI 441,POLI 442,POLI 443,POLI 444,POLI 445,POLI 446,POLI 447,POLI 448,POLI 449,POLI 450,POLI 451,POLI 452,POLI 575,POLI 231,POLI 333,POLI 334,POLI 362,POLI 363,POLI 364,POLI 365,POLI 366,POLI 367,POLI 368,POLI 433,POLI 434,POLI 458,POLI 459,POLI 470,POLI 561,POLI 210,POLI 311,POLI 312,POLI 313,POLI 490,POLI 499,POLI 599
Faculty Program in Population and Global Health (B.A.) (54 credits),GPHL 200,GPHL 201,GPHL 300,GPHL 301,GPHL 302,GPHL 303,GPHL 400,GPHL 401,AGRI 411,ENVR 200,ENVR 201,ENVR 202,ENVR 203,ENVR 400,ENVR 401,GEOG 221,GEOG 303,GEOG 310,GEOG 408,GEOG 409,GEOG 503,PARA 410,PARA 515,SOCI 331,ANSC 555,ANTH 202,ANTH 206,ANTH 209,ANTH 227,ANTH 302,ANTH 314,ANTH 322,ANTH 325,ANTH 407,ECON 208,ECON 313,EDEC 233,EDEC 248,EDEC 249,HIST 238,HIST 249,HIST 292,HIST 319,HIST 335,HIST 350,HIST 356,HIST 374,HIST 412,HIST 420,HIST 424,HIST 425,HIST 430,HSEL 308,HSEL 309,ISLA 200,ISLA 210,ISLA 310,ISLA 355,ISLA 360,ISLA 421,SOCI 234,SOCI 270,SOCI 309,SOCI 310,SOCI 331,SOCI 335,SOCI 365,SOCI 370,SOCI 385,SOCI 405,SOCI 502,SOCI 519,SOCI 545,ECON 208,ECON 310,EDKP 261,EDKP 292,EDKP 330,EDKP 395,EDKP 405,EDKP 448,ENVB 305,ENVR 202,ENVR 203,NUTR 307,NUTR 337,NUTR 341,NUTR 450,NUTR 501,NUTR 505,NUTR 512,PARA 410,PARA 515,SOCI 335,SOCI 405,SOCI 588,ECON 208,ECON 223,ENVR 201,GEOG 210,GEOG 216,GEOG 310,GEOG 403,GEOG 408,GEOG 409,HIST 201,HIST 202,HIST 203,HIST 211,HIST 215,HIST 218,HIST 221,HIST 223,HIST 326,HIST 338,HIST 360,HIST 361,HIST 363,POLI 212,POLI 221,POLI 222,POLI 227,POLI 243,POLI 244,POLI 319,POLI 322,POLI 324,POLI 340,POLI 341,POLI 345,POLI 347,POLI 349,POLI 359,POLI 369,POLI 372,POLI 422,POLI 423,POLI 435,POLI 441,POLI 445,POLI 450,SOCI 254,SOCI 307,SOCI 515,SOCI 526,ECON 209,ECON 230D1,ECON 230D2,ECON 310,ECON 447,MGCR 211,MGCR 352,MGCR 382,MGCR 423,MGPO 362,MGPO 364,MGPO 383,MGPO 435,MGPO 438,MGPO 440,MGPO 445,MGPO 460,MGPO 469,MGPO 475,MSUS 402
Behavioural Science Minor Concentration (B.A.) (18 credits),NSCI 201,PSYC 301,PSYC 302,PSYC 306,PSYC 310,PSYC 311,PSYC 315,PSYC 317,PSYC 318,PSYC 319,PSYC 329,PSYC 340,PSYC 341,PSYC 342,PSYC 352,PSYC 353,PSYC 403,PSYC 406,PSYC 410,PSYC 413,PSYC 415,PSYC 427,PSYC 433,PSYC 439,PSYC 443,PSYC 444,PSYC 470,PSYC 502,PSYC 506,PSYC 513,PSYC 514,PSYC 522,PSYC 526,PSYC 529,PSYC 531,PSYC 537,PSYC 538,PSYC 541,PSYC 545,PSYC 560,PSYC 562,PSYC 304,PSYC 328,PSYC 331,PSYC 332,PSYC 333,PSYC 337,PSYC 339,PSYC 351,PSYC 408,PSYC 409,PSYC 411,PSYC 412,PSYC 414,PSYC 436,PSYC 471,PSYC 473,PSYC 474,PSYC 475,PSYC 483,PSYC 491D1,PSYC 491D2,PSYC 507,PSYC 509,PSYC 512,PSYC 528,PSYC 530,PSYC 535,PSYC 539,PSYC 385,PSYC 450D1,PSYC 450D2,PSYC 484D1,PSYC 484D2,PSYC 485,PSYC 492,PSYC 493,PSYC 499
Psychology Minor Concentration (B.A.) (18 credits),PSYC 100,PSYC 204,PSYC 211,PSYC 212,PSYC 213,PSYC 215
Psychology Major Concentration (B.A.) (36 credits),PSYC 100,BIOL 111,BIOL 112,BIOL 115,PSYC 204,PSYC 211,PSYC 212,PSYC 213,PSYC 215,PSYC 305,NSCI 201,PSYC 301,PSYC 302,PSYC 306,PSYC 310,PSYC 311,PSYC 315,PSYC 317,PSYC 318,PSYC 319,PSYC 329,PSYC 340,PSYC 341,PSYC 342,PSYC 352,PSYC 353,PSYC 403,PSYC 406,PSYC 410,PSYC 413,PSYC 415,PSYC 427,PSYC 433,PSYC 439,PSYC 443,PSYC 444,PSYC 470,PSYC 502,PSYC 506,PSYC 513,PSYC 514,PSYC 522,PSYC 526,PSYC 529,PSYC 531,PSYC 537,PSYC 538,PSYC 541,PSYC 545,PSYC 560,PSYC 562,PSYC 304,PSYC 309,PSYC 328,PSYC 331,PSYC 332,PSYC 333,PSYC 337,PSYC 339,PSYC 351,PSYC 408,PSYC 409,PSYC 411,PSYC 412,PSYC 414,PSYC 436,PSYC 471,PSYC 473,PSYC 474,PSYC 475,PSYC 483,PSYC 491D1,PSYC 491D2,PSYC 507,PSYC 509,PSYC 512,PSYC 528,PSYC 530,PSYC 535,PSYC 539,PSYC 385,PSYC 450D1,PSYC 450D2,PSYC 484D1,PSYC 484D2,PSYC 485,PSYC 492,PSYC 493,PSYC 499
Psychology Honours (B.A.) (60 credits),PSYC 100,BIOL 111,BIOL 112,BIOL 115,PSYC 204,PSYC 211,PSYC 212,PSYC 213,PSYC 215,PSYC 305,PSYC 306,PSYC 380D1,PSYC 380D2,PSYC 439,PSYC 486,PSYC 487,PSYC 488D1,PSYC 488D2,PSYC 492,NSCI 201,PSYC 301,PSYC 302,PSYC 306,PSYC 310,PSYC 311,PSYC 315,PSYC 317,PSYC 318,PSYC 319,PSYC 329,PSYC 340,PSYC 341,PSYC 342,PSYC 352,PSYC 353,PSYC 403,PSYC 406,PSYC 410,PSYC 413,PSYC 415,PSYC 427,PSYC 433,PSYC 439,PSYC 443,PSYC 444,PSYC 470,PSYC 502,PSYC 506,PSYC 513,PSYC 514,PSYC 522,PSYC 526,PSYC 529,PSYC 531,PSYC 537,PSYC 538,PSYC 541,PSYC 545,PSYC 560,PSYC 562,PSYC 304,PSYC 309,PSYC 328,PSYC 331,PSYC 332,PSYC 333,PSYC 337,PSYC 339,PSYC 351,PSYC 408,PSYC 409,PSYC 411,PSYC 412,PSYC 414,PSYC 436,PSYC 471,PSYC 473,PSYC 474,PSYC 475,PSYC 483,PSYC 491D1,PSYC 491D2,PSYC 507,PSYC 509,PSYC 512,PSYC 528,PSYC 530,PSYC 535,PSYC 539
Psychology Joint Honours Component (B.A.) (36 credits),PSYC 100,BIOL 111,BIOL 112,BIOL 115,PSYC 204,PSYC 211,PSYC 212,PSYC 213,PSYC 215,PSYC 305,PSYC 306,PSYC 380D1,PSYC 380D2,PSYC 439
Religious Studies Minor Concentration (B.A.) (18 credits),RELG 207,ANTH 209,CATH 200,CATH 220,HIST 207,HIST 219,ISLA 200,ISLA 210,JWST 201,JWST 211,JWST 216,JWST 217,JWST 245,JWST 254,JWST 261,RELG 201,RELG 202,RELG 203,RELG 204,RELG 205,RELG 210,RELG 211,RELG 252,RELG 253,RELG 254,RELG 270,RELG 271,RELG 288,CATH 310,CATH 320,CATH 325,CATH 330,CATH 335,CATH 340,CATH 460,CATH 370AA,CATH 375AA,HIST 427,ISLA 310,ISLA 390,ISLA 421,ISLA 530,JWST 334,JWST 382,RELG 300,RELG 302,RELG 303,RELG 307,RELG 309,RELG 310,RELG 311,RELG 312,RELG 315AA,RELG 316,RELG 317,RELG 318,RELG 319,RELG 322,RELG 323,RELG 325,RELG 326,RELG 331,RELG 332,RELG 333,RELG 334,RELG 336,RELG 337,RELG 338,RELG 341,RELG 344,RELG 348,RELG 350,RELG 352,RELG 354,RELG 358,RELG 366,RELG 368,RELG 369,RELG 370,RELG 372,RELG 373,RELG 375,RELG 376,ISLA 375,RELG 378,RELG 379,RELG 380,RELG 382,RELG 384,RELG 398,RELG 399,RELG 407,RELG 408,RELG 419,RELG 422,RELG 423,RELG 434,RELG 440,RELG 444,RELG 445,RELG 449,RELG 450,RELG 451,RELG 453,RELG 455,RELG 470,RELG 479,RELG 502,RELG 544,RELG 545,RELG 547,RELG 548,RELG 551,RELG 552,RELG 556,RELG 558,RELG 560,RELG 570,RELG 571,RELG 572
Religious Studies Major Concentration (B.A.) (36 credits),RELG 207,RELG 456,ANTH 209,CATH 200,CATH 220,HIST 207,HIST 219,ISLA 200,ISLA 210,JWST 201,JWST 211,JWST 216,JWST 217,JWST 245,JWST 254,JWST 261,RELG 201,RELG 202,RELG 203,RELG 204,RELG 205,RELG 210,RELG 211,RELG 212,RELG 252,RELG 253,RELG 254,RELG 257D1,RELG 257D2,RELG 270,RELG 271,RELG 279,RELG 288,CLAS 210,CLAS 212,CLAS 215,CLAS 220,CLAS 222,CLAS 225,CLAS 310,CLAS 312,CLAS 315,CLAS 320,CLAS 322,CLAS 326,ISLA 322D1,ISLA 322D2,RELG 257D1,RELG 257D2,RELG 264,RELG 265,RELG 357D1,RELG 357D2,RELG 364,RELG 365,RELG 381,RELG 390D1,RELG 390D2,RELG 457D1,RELG 457D2,RELG 464,RELG 465,RELG 491,RELG 492,CATH 310,CATH 320,CATH 325,CATH 330,CATH 335,CATH 340,CATH 460,CATH 370AA,CATH 375AA,HIST 427,ISLA 310,ISLA 375,ISLA 390,ISLA 421,ISLA 530,JWST 334,JWST 382,RELG 300,RELG 302,RELG 303,RELG 307,RELG 309,RELG 310,RELG 311,RELG 312,RELG 315AA,RELG 316,RELG 317,RELG 318,RELG 319,RELG 322,RELG 323,RELG 325,RELG 326,RELG 331,RELG 332,RELG 333,RELG 334,RELG 336,RELG 337,RELG 338,RELG 341,RELG 344,RELG 348,RELG 350,RELG 352,RELG 353,RELG 354,RELG 358,RELG 366,RELG 368,RELG 369,RELG 370,RELG 372,RELG 373,RELG 375,RELG 376,RELG 378,RELG 379,RELG 380,RELG 382,RELG 398,RELG 399,RELG 407,RELG 408,RELG 410,RELG 419,RELG 422,RELG 423,RELG 434,RELG 440,RELG 444,RELG 445,RELG 449,RELG 450,RELG 451,RELG 453,RELG 455,RELG 459,RELG 470,RELG 479,RELG 502,RELG 544,RELG 545,RELG 547,RELG 548,RELG 551,RELG 552,RELG 556,RELG 558,RELG 560,RELG 570,RELG 571,RELG 572
Religious Studies Honours (B.A.) (60 credits),RELG 207,RELG 456,RELG 490,ANTH 209,CATH 200,CATH 220,HIST 207,HIST 219,ISLA 200,ISLA 210,JWST 201,JWST 211,JWST 216,JWST 217,JWST 245,JWST 254,JWST 261,RELG 201,RELG 202,RELG 203,RELG 204,RELG 205,RELG 210,RELG 211,RELG 252,RELG 253,RELG 254,RELG 270,RELG 271,RELG 288,CLAS 210,CLAS 212,CLAS 215,CLAS 220,CLAS 222,CLAS 225,CLAS 310,CLAS 312,CLAS 315,CLAS 320,CLAS 322,CLAS 326,ISLA 322D1,ISLA 322D2,RELG 257D1,RELG 257D2,RELG 264,RELG 265,RELG 357D1,RELG 357D2,RELG 364,RELG 365,RELG 381,RELG 390D1,RELG 390D2,RELG 457D1,RELG 457D2,RELG 464,RELG 465,RELG 491,RELG 492,CATH 310,CATH 320,CATH 325,CATH 330,CATH 335,CATH 340,CATH 370AA,CATH 375AA,CATH 460,HIST 427,ISLA 310,ISLA 375,ISLA 390,ISLA 421,ISLA 530,JWST 314,JWST 334,JWST 382,RELG 300,RELG 302,RELG 303,RELG 307,RELG 310,RELG 311,RELG 312,RELG 315AA,RELG 316,RELG 317,RELG 318,RELG 319,RELG 322,RELG 323,RELG 325,RELG 326,RELG 331,RELG 332,RELG 333,RELG 334,RELG 336,RELG 337,RELG 338,RELG 341,RELG 344,RELG 348,RELG 350,RELG 352,RELG 353,RELG 354,RELG 358,RELG 366,RELG 368,RELG 369,RELG 370,RELG 372,RELG 373,RELG 375,RELG 376,RELG 378,RELG 380,RELG 382,RELG 384,RELG 398,RELG 399,RELG 407,RELG 408,RELG 410,RELG 419,RELG 422,RELG 423,RELG 434,RELG 440,RELG 444,RELG 445,RELG 449,RELG 450,RELG 451,RELG 453,RELG 455,RELG 459,RELG 470,RELG 479,RELG 502,RELG 544,RELG 545,RELG 547,RELG 548,RELG 551,RELG 552,RELG 556,RELG 558,RELG 560,RELG 570,RELG 571,RELG 572
Religious Studies Joint Honours Component (B.A.) (36 credits),RELG 207,RELG 456,RELG 489,CATH 220,RELG 201,RELG 202,RELG 203,RELG 204,RELG 210,RELG 212,RELG 252,RELG 253,RELG 254,RELG 270,RELG 271,CLAS 210,CLAS 212,CLAS 215,CLAS 220,CLAS 222,CLAS 225,CLAS 310,CLAS 312,CLAS 315,CLAS 320,CLAS 322,CLAS 326,ISLA 322D1,ISLA 322D2,RELG 257D1,RELG 257D2,RELG 264,RELG 265,RELG 357D1,RELG 357D2,RELG 364,RELG 365,RELG 381,RELG 390D1,RELG 390D2,RELG 457D1,RELG 457D2,RELG 464,RELG 465,RELG 491,RELG 492,CATH 335,RELG 300,CATH 375AA,ISLA 375,ISLA 421,ISLA 530,RELG 302,RELG 303,RELG 307,RELG 309,RELG 311,RELG 312,RELG 315,RELG 316,RELG 317,RELG 318,RELG 319,RELG 322,RELG 323,RELG 325,RELG 326,RELG 331,RELG 332,RELG 333,RELG 334,RELG 336,RELG 337,RELG 338,RELG 341,RELG 344,RELG 348,RELG 350,RELG 352,RELG 353,RELG 354,RELG 358,RELG 366,RELG 368,RELG 369,RELG 370,RELG 372,RELG 373,RELG 375,RELG 376,RELG 378,RELG 380,RELG 382,RELG 399,RELG 407,RELG 408,RELG 419,RELG 422,RELG 423,RELG 434,RELG 440,RELG 444,RELG 449,RELG 451,RELG 453,RELG 455,RELG 459,RELG 470,RELG 479,RELG 502,RELG 544,RELG 545,RELG 547,RELG 548,RELG 551,RELG 552,RELG 556,RELG 558,RELG 560,RELG 570,RELG 571,RELG 572
Religious Studies (B.Th.) (120 credits),RELG 302,RELG 303,RELG 309,RELG 311,RELG 312,RELG 322,RELG 323,RELG 333,RELG 341,RELG 434,RELG 470,PHIL 200,PHIL 230,RELG 321,RELG 380,CATH 310,RELG 211,RELG 334,RELG 336,RELG 201,RELG 202,RELG 407,RELG 408,RELG 491,RELG 492,CLAS 220,CLAS 222,RELG 210,RELG 279,RELG 326,RELG 381,RELG 410,RELG 411,RELG 482,CATH 330,RELG 310,RELG 338,RELG 399,RELG 423,RELG 498,ISLA 200,ISLA 370,ISLA 375,ISLA 380,ISLA 390,ISLA 421,ISLA 530,JWST 382,RELG 204,RELG 207,RELG 252,RELG 253,RELG 288,RELG 348,RELG 352,RELG 353,RELG 354,CATH 340,CATH 370AA,RELG 370,RELG 373,RELG 376
Religious Studies Honours (B.Th.) (120 credits),RELG 494,RELG 495
Science for Arts Students Minor Concentration (B.A.) (18 credits),BIOL 210,ATOC 214,ATOC 215,ATOC 219,ATOC 309,ATOC 315,ATOC 357,MATH 222,ANAT 262,BIOC 212,BIOL 200,CHEM 212,BIOC 311,BIOC 312,BIOL 200,BIOL 201,BIOL 202,CHEM 212,BIOL 300,BIOL 303,BIOL 313,BIOL 314,BIOL 200,BIOL 201,BIOL 205,BIOL 215,CHEM 212,BIOL 304,BIOL 305,BIOL 306,BIOL 307,BIOL 308,BIOL 310,BIOL 465,CHEM 212,CHEM 222,CHEM 267,CHEM 281,CHEM 302,CHEM 334,CHEM 381,CHEM 203,CHEM 204,EPSC 201,EPSC 210,EPSC 212,EPSC 220,EPSC 231,EPSC 233,EPSC 240,EPSC 303,EPSC 320,EPSC 334,EPSC 355,EPSC 549,GEOG 203,GEOG 205,GEOG 272,GEOG 305,GEOG 321,GEOG 322,GEOG 372,GEOG 470,MATH 203,MATH 204,MATH 222,MATH 223,MATH 338,BIOL 200,BIOL 201,CHEM 212,MIMM 211,MIMM 314,MIMM 323,MIMM 324,BIOL 200,BIOL 201,CHEM 212,PATH 300,PHGY 209,PHGY 210,PHYS 224,PHYS 230,PHYS 232,PHYS 241,PHYS 242,PHYS 257,PHYS 258,PHYS 320,BIOL 200,BIOL 201,CHEM 212,PHGY 209,PHGY 210,PHGY 311,PHGY 312,PHGY 313,PHGY 314,PSYC 204,PSYC 211,PSYC 212,PSYC 213,PSYC 215
Social Studies of Medicine Minor Concentration (B.A.) (18 credits),HIST 249,HIST 319,HIST 335,HIST 356,HIST 381,HIST 424,HIST 430,HIST 452AA,HIST 457AA,HIST 558,HIST 559,HIST 567D1,HIST 567D2,ANTH 227,ANTH 302,ANTH 314,ANTH 325,ANTH 407,ANTH 423,ANTH 438,ANTH 480,ANTH 481,SOCI 225,SOCI 309,SOCI 310,SOCI 365,SOCI 515,SOCI 525,SOCI 538,SOCI 588
Foundational Social Services Skills and Knowledge (Cert.) (30 credits),EDEC 288,IDFC 500,INDG 202,SWRK 219,SWRK 220,SWRK 221,SWRK 222,SWRK 224,SWRK 354,WCOM 371
Para Social Work & Community Practices (Cert.) (30 credits),EDEC 289,IDFC 300,SWRK 319,SWRK 320,SWRK 321,SWRK 322,SWRK 323,SWRK 326,SWRK 327,SWRK 344
Social Work (Three-Year Program) (B.S.W.) (90 credits),SWRK 219,SWRK 220,SWRK 221,SWRK 222,SWRK 224,SWRK 319,SWRK 320,SWRK 321,SWRK 322,SWRK 323,SWRK 326,SWRK 327,SWRK 344,SWRK 353,SWRK 420,SWRK 421,SWRK 422,SWRK 423,SWRK 428,SWRK 445,SWRK 527
Sociology Minor Concentration (B.A.) (18 credits),SOCI 210,SOCI 211,SOCI 330,SOCI 350,SOCI 213,SOCI 225,SOCI 247,SOCI 250,SOCI 305,SOCI 309,SOCI 310,SOCI 318,SOCI 322,SOCI 325,SOCI 388,SOCI 430,SOCI 488,SOCI 489,SOCI 495,SOCI 503,SOCI 515,SOCI 525,SOCI 535,SOCI 538,SOCI 571,SOCI 212,SOCI 222,SOCI 234,SOCI 245,SOCI 254,SOCI 255,SOCI 307,SOCI 326,SOCI 345,SOCI 354,SOCI 365,SOCI 370,SOCI 386,SOCI 400,SOCI 424,SOCI 430,SOCI 446,SOCI 455,SOCI 484,SOCI 495,SOCI 507,SOCI 519,SOCI 545,SOCI 550,SOCI 227,SOCI 230,SOCI 255,SOCI 270,SOCI 300,SOCI 321,SOCI 333,SOCI 335,SOCI 355,SOCI 366,SOCI 375,SOCI 410,SOCI 415,SOCI 430,SOCI 475,SOCI 505,SOCI 520,SOCI 526,SOCI 530,SOCI 235,SOCI 301,SOCI 304,SOCI 312,SOCI 325,SOCI 420,SOCI 470
Sociology Major Concentration (B.A.) (36 credits),SOCI 210,SOCI 211,SOCI 330,SOCI 350,SOCI 341,SOCI 342,SOCI 343,SOCI 441,SOCI 442,SOCI 443,SOCI 213,SOCI 225,SOCI 247,SOCI 250,SOCI 305,SOCI 309,SOCI 310,SOCI 318,SOCI 322,SOCI 325,SOCI 388,SOCI 430,SOCI 488,SOCI 489,SOCI 495,SOCI 503,SOCI 515,SOCI 525,SOCI 535,SOCI 538,SOCI 571,SOCI 595,SOCI 212,SOCI 222,SOCI 234,SOCI 245,SOCI 254,SOCI 255,SOCI 307,SOCI 326,SOCI 345,SOCI 354,SOCI 365,SOCI 370,SOCI 386,SOCI 400,SOCI 424,SOCI 430,SOCI 446,SOCI 455,SOCI 484,SOCI 495,SOCI 507,SOCI 519,SOCI 545,SOCI 550,SOCI 595,SOCI 227,SOCI 230,SOCI 255,SOCI 270,SOCI 300,SOCI 321,SOCI 333,SOCI 335,SOCI 355,SOCI 366,SOCI 375,SOCI 410,SOCI 415,SOCI 430,SOCI 475,SOCI 505,SOCI 520,SOCI 526,SOCI 530,SOCI 595,SOCI 235,SOCI 301,SOCI 304,SOCI 312,SOCI 325,SOCI 420,SOCI 470
Sociology Honours (B.A.) (51 credits),SOCI 210,SOCI 211,SOCI 330,SOCI 350,SOCI 461,SOCI 477,SOCI 480,SOCI 213,SOCI 225,SOCI 247,SOCI 250,SOCI 305,SOCI 309,SOCI 310,SOCI 318,SOCI 322,SOCI 325,SOCI 388,SOCI 488,SOCI 489,SOCI 495,SOCI 503,SOCI 515,SOCI 525,SOCI 535,SOCI 538,SOCI 571,SOCI 595,SOCI 212,SOCI 222,SOCI 234,SOCI 245,SOCI 254,SOCI 255,SOCI 307,SOCI 326,SOCI 345,SOCI 354,SOCI 365,SOCI 370,SOCI 386,SOCI 400,SOCI 424,SOCI 446,SOCI 455,SOCI 484,SOCI 495,SOCI 507,SOCI 519,SOCI 545,SOCI 550,SOCI 588,SOCI 595,SOCI 227,SOCI 230,SOCI 255,SOCI 270,SOCI 300,SOCI 321,SOCI 333,SOCI 335,SOCI 355,SOCI 366,SOCI 375,SOCI 410,SOCI 415,SOCI 475,SOCI 505,SOCI 520,SOCI 526,SOCI 530,SOCI 595,SOCI 235,SOCI 301,SOCI 304,SOCI 312,SOCI 325,SOCI 420,SOCI 445,SOCI 470
Sociology Joint Honours Component (B.A.) (36 credits),SOCI 210,SOCI 211,SOCI 330,SOCI 350,SOCI 461,SOCI 480,SOCI 213,SOCI 225,SOCI 247,SOCI 250,SOCI 305,SOCI 309,SOCI 310,SOCI 318,SOCI 322,SOCI 325,SOCI 388,SOCI 488,SOCI 489,SOCI 495,SOCI 503,SOCI 515,SOCI 525,SOCI 535,SOCI 538,SOCI 571,SOCI 595,SOCI 212,SOCI 222,SOCI 234,SOCI 245,SOCI 254,SOCI 255,SOCI 307,SOCI 326,SOCI 345,SOCI 354,SOCI 365,SOCI 370,SOCI 386,SOCI 400,SOCI 424,SOCI 446,SOCI 455,SOCI 484,SOCI 495,SOCI 507,SOCI 519,SOCI 545,SOCI 550,SOCI 595,SOCI 227,SOCI 230,SOCI 255,SOCI 270,SOCI 300,SOCI 321,SOCI 333,SOCI 335,SOCI 355,SOCI 366,SOCI 375,SOCI 415,SOCI 475,SOCI 505,SOCI 520,SOCI 526,SOCI 530,SOCI 595,SOCI 235,SOCI 301,SOCI 304,SOCI 312,SOCI 325,SOCI 420,SOCI 470