Anatomy and Cell Biology Major (B.Sc.) (67 credits),ANAT 212,ANAT 214,ANAT 261,ANAT 262,BIOL 200,BIOL 202,BIOL 301,CHEM 212,CHEM 222,MIMM 214,PHGY 209,PHGY 210,BIOL 373,MATH 203,PSYC 204,ANAT 314,ANAT 321,ANAT 322,ANAT 365,ANAT 381,ANAT 416,ANAT 458,ANAT 514,ANAT 541,ANAT 565,NEUR 310,ANAT 314,ANAT 321,ANAT 322,ANAT 365,ANAT 381,ANAT 416,ANAT 458,ANAT 541,ANAT 565,BIOC 311,BIOC 312,BIOC 450,BIOC 458,BIOC 503,BIOL 300,BIOL 303,BIOL 306,BIOL 313,BIOL 314,BIOL 320,BIOL 518,BIOL 520,BIOL 524,BIOL 532,BIOL 544,BIOL 546,BIOL 551,BIOL 588,BIOT 505,COMP 204,EXMD 401,EXMD 502,EXMD 503,EXMD 504,EXMD 506,EXMD 507,EXMD 508,HGEN 575,MIMM 314,MIMM 323,MIMM 324,MIMM 387,MIMM 413,MIMM 414,MIMM 465,MIMM 466,MIMM 509,NEUR 310,PATH 300,PHAR 300,PHAR 301,PHAR 303,PHAR 562,PHAR 563,PHGY 311,PHGY 312,PHGY 313,PHGY 314,PHGY 451,PHGY 502,PHGY 513,PHGY 515,PHGY 516,PHGY 518,PHGY 556,PSYT 500
Anatomy and Cell Biology Liberal Program - Core Science Component (B.Sc.) (47-48 credits),ANAT 212,ANAT 214,ANAT 261,ANAT 262,BIOL 200,BIOL 202,CHEM 212,PHGY 209,PHGY 210,MATH 203,PSYC 204,ANAT 314,ANAT 321,ANAT 322,ANAT 365,ANAT 381,ANAT 514,ANAT 565,NEUR 310,ANAT 314,ANAT 321,ANAT 322,ANAT 365,ANAT 381,ANAT 565,BIOL 300,BIOL 301,BIOL 303,BIOL 306,BIOL 313,BIOL 314,BIOL 320,COMP 204,EXMD 504,NEUR 310,NEUR 502,PATH 300,PHAR 300,PHAR 301
Anatomy and Cell Biology Honours (B.Sc.) (73 credits),ANAT 212,ANAT 214,ANAT 261,ANAT 262,ANAT 432,BIOL 200,BIOL 202,BIOL 301,CHEM 212,CHEM 222,MIMM 214,PHGY 209,PHGY 210,BIOL 373,MATH 203,PSYC 204,ANAT 314,ANAT 321,ANAT 322,ANAT 323,ANAT 365,ANAT 381,ANAT 416,ANAT 458,ANAT 514,ANAT 541,ANAT 542,ANAT 565,NEUR 310,ANAT 314,ANAT 321,ANAT 322,ANAT 323,ANAT 365,ANAT 381,ANAT 416,ANAT 458,ANAT 541,ANAT 542,ANAT 565,BIOC 311,BIOC 312,BIOC 450,BIOC 458,BIOC 503,BIOL 300,BIOL 303,BIOL 306,BIOL 313,BIOL 314,BIOL 320,BIOL 518,BIOL 520,BIOL 524,BIOL 532,BIOL 544,BIOL 546,BIOL 551,BIOL 588,BIOT 505,COMP 204,EXMD 401,EXMD 502,EXMD 503,EXMD 504,EXMD 506,EXMD 507,EXMD 508,HGEN 575,MIMM 314,MIMM 323,MIMM 324,MIMM 387,MIMM 413,MIMM 414,MIMM 465,MIMM 466,MIMM 509,NEUR 310,NEUR 502,PATH 300,PHAR 300,PHAR 301,PHAR 303,PHAR 562,PHAR 563,PHGY 311,PHGY 312,PHGY 313,PHGY 314,PHGY 451,PHGY 502,PHGY 513,PHGY 515,PHGY 516,PHGY 518,PHGY 556,PSYT 500
Atmospheric Science Minor (B.Sc.) (18 credits),ATOC 214,ATOC 215,ATOC 219,ATOC 309,ATOC 312,ATOC 315,ATOC 357,ATOC 404,CHEM 219,PHYS 404,ATOC 512,ATOC 513,ATOC 515,ATOC 517,ATOC 519,ATOC 521,ATOC 525,ATOC 531,ATOC 540,ATOC 548,ATOC 557,ATOC 558,ATOC 568
Atmospheric and Oceanic Sciences Liberal Program - Core Science Component (B.Sc.) (48 credits),ATOC 214,ATOC 312,ATOC 315,MATH 222,MATH 223,MATH 314,MATH 315,ATOC 215,ATOC 219,ATOC 357,PHYS 257,PHYS 230,PHYS 251,PHYS 232,PHYS 253,ATOC 309,ATOC 512,ATOC 513,ATOC 515,ATOC 517,ATOC 519,ATOC 521,ATOC 525,ATOC 531,ATOC 540,ATOC 541,ATOC 546,ATOC 548,ATOC 557,ATOC 558,ATOC 568,COMP 208,MATH 203,MATH 319,PHYS 333,PHYS 340
Atmospheric Science Major (B.Sc.) (62 credits),ATOC 214,ATOC 312,ATOC 315,COMP 208,MATH 222,MATH 223,MATH 314,MATH 315,ATOC 215,ATOC 219,CHEM 219,ATOC 357,PHYS 257,PHYS 230,PHYS 251,PHYS 232,PHYS 253,CHEM 213,CHEM 273,CHEM 367,CHEM 575,COMP 551,MATH 203,MATH 317,MATH 319,MATH 323,MATH 324,PHYS 333,PHYS 340,PHYS 342,PHYS 350,PHYS 352,ATOC 309,ATOC 521,ATOC 540,ATOC 541,ATOC 546,ATOC 404,ATOC 512,ATOC 517,ATOC 525,ATOC 531,ATOC 548,ATOC 558,ATOC 568,ESYS 300,ESYS 301,GEOG 322,GEOG 372,MATH 555,PHYS 404,PHYS 432,PHYS 512,ATOC 404,ATOC 531,PHYS 404,ATOC 512,ATOC 513,ATOC 519,ATOC 521,ATOC 525,ATOC 540,ATOC 558,ATOC 568,ESYS 300,ESYS 301,GEOG 322,GEOG 372,MATH 323,PHYS 512,ATOC 309,ATOC 404,ATOC 517,ATOC 519,ATOC 521,CHEM 213,CHEM 273,PHYS 404,PHYS 512,ATOC 309,ATOC 404,ATOC 512,ATOC 513,ATOC 517,ATOC 519,ATOC 521,ATOC 525,ATOC 531,ATOC 540,ATOC 541,ATOC 546,ATOC 548,ATOC 558,ATOC 568,CHEM 367,CHEM 575,ESYS 300,ESYS 301,GEOG 322,GEOG 372,MATH 555,PHYS 404,PHYS 432,PHYS 512
Atmospheric Science and Physics Major (B.Sc.) (67 credits),ATOC 214,ATOC 215,ATOC 309,ATOC 312,ATOC 315,COMP 208,MATH 222,MATH 223,MATH 314,MATH 315,PHYS 230,PHYS 232,PHYS 241,PHYS 257,PHYS 333,PHYS 340,PHYS 342,PHYS 346,ATOC 357,PHYS 258,ATOC 357,ATOC 404,ATOC 480,ATOC 512,ATOC 513,ATOC 515,ATOC 517,ATOC 521,ATOC 525,ATOC 531,ATOC 540,ATOC 541,ATOC 548,ATOC 557,ATOC 558,ATOC 568,COMP 551,PHYS 331,PHYS 339,PHYS 404,PHYS 432,PHYS 434,PHYS 449,PHYS 512
Atmospheric Science Honours (B.Sc.) (75 credits),ATOC 214,ATOC 312,ATOC 315,ATOC 480,COMP 208,MATH 222,MATH 223,MATH 314,MATH 315,ATOC 215,ATOC 219,CHEM 219,ATOC 357,PHYS 257,PHYS 230,PHYS 251,PHYS 232,PHYS 253,CHEM 213,MATH 319,CHEM 273,CHEM 367,CHEM 575,COMP 551,MATH 203,MATH 317,MATH 319,MATH 323,MATH 324,PHYS 333,PHYS 340,PHYS 342,PHYS 350,PHYS 352,ATOC 309,ATOC 512,ATOC 521,ATOC 540,ATOC 541,ATOC 546,ATOC 404,ATOC 513,ATOC 515,ATOC 517,ATOC 525,ATOC 531,ATOC 548,ATOC 557,ATOC 558,ATOC 568,ESYS 300,ESYS 301,MATH 555,PHYS 404,PHYS 432,PHYS 512,ATOC 404,ATOC 512,ATOC 531,MATH 323,MATH 324,PHYS 404,ATOC 513,ATOC 515,ATOC 521,ATOC 525,ATOC 540,ATOC 557,ATOC 558,ATOC 568,ESYS 300,ESYS 301,MATH 423,MATH 555,PHYS 432,PHYS 512,ATOC 309,ATOC 519,ATOC 521,CHEM 213,CHEM 273,ATOC 404,ATOC 512,ATOC 513,ATOC 517,ATOC 519,ATOC 525,ATOC 540,ATOC 557,ATOC 558,CHEM 367,CHEM 575,MATH 423,PHYS 404,PHYS 512,ATOC 309,ATOC 404,ATOC 512,ATOC 513,ATOC 517,ATOC 519,ATOC 521,ATOC 525,ATOC 531,ATOC 540,ATOC 541,ATOC 546,ATOC 548,ATOC 557,ATOC 558,ATOC 568,CHEM 367,CHEM 575,ESYS 300,ESYS 301,MATH 423,MATH 555,PHYS 404,PHYS 432,PHYS 512
Meteorology (Dip.) (30 credits),ATOC 512,ATOC 521,ATOC 531,ATOC 540,ATOC 541,ATOC 309,ATOC 315,ATOC 519,or CHEM 519,ATOC 513,ATOC 515,ATOC 517,ATOC 525,ATOC 548,ATOC 557,MATH 317,MATH 319,MATH 555,PHYS 331,PHYS 340,PHYS 342,PHYS 432
Biochemistry Liberal Program - Core Science Component (B.Sc.) (47 credits),BIOC 212,BIOC 220,BIOL 200,BIOL 202,CHEM 204,CHEM 242,CHEM 252,BIOL 205,MIMM 211,MIMM 214,PHGY 209,PHGY 210,BIOC 311,BIOC 312,BIOC 320,CHEM 302,BIOL 373,CHEM 267,COMP 202,COMP 204,MATH 203,MATH 222,PSYC 204,BIOC 450,BIOC 454
Biochemistry Major (B.Sc.) (64 credits),BIOC 212,BIOC 220,BIOL 200,BIOL 202,CHEM 204,CHEM 242,CHEM 252,BIOL 205,MIMM 211,MIMM 214,PHGY 209,PHGY 210,ANAT 262,BIOC 311,BIOC 312,BIOC 320,CHEM 214,CHEM 302,CHEM 362,BIOL 309,BIOL 373,CHEM 267,COMP 202,COMP 204,MATH 203,MATH 222,PSYC 204,BIOC 450,BIOC 454,BIOC 458,BIOC 470,BIOC 491,BIOC 503,BIOL 300,BIOL 303,BIOL 304,BIOL 313,BIOL 314,CHEM 267,CHEM 482,CHEM 502,CHEM 532,CHEM 552,CHEM 572,EXMD 502,MIMM 324,PHAR 300,PHGY 311
Biochemistry Honours (B.Sc.) (73 credits),BIOC 212,BIOC 220,BIOL 200,BIOL 202,CHEM 204,CHEM 242,CHEM 252,BIOL 205,MIMM 211,MIMM 214,PHGY 209,PHGY 210,ANAT 262,BIOC 311,BIOC 312,BIOC 320,CHEM 214,CHEM 302,CHEM 362,BIOL 309,BIOL 373,CHEM 267,COMP 202,COMP 204,MATH 203,MATH 222,PSYC 204,BIOC 404,BIOC 450,BIOC 454,BIOC 462,BIOC 458,BIOC 470,BIOC 491,BIOC 503,BIOL 300,BIOL 303,BIOL 304,BIOL 313,BIOL 314,CHEM 267,CHEM 482,CHEM 502,CHEM 532,CHEM 552,CHEM 572,EXMD 502,EXMD 503,MIMM 324,PHAR 300,PHGY 311
Biology Minor (B.Sc.) (25 credits),BIOL 200,BIOL 201,BIOL 202,BIOL 205,BIOL 215,CHEM 212
"Biology, Liberal Program - Core Science Component (47 credits)",BIOL 200,BIOL 201,BIOL 205,BIOL 206,BIOL 215,BIOL 216,BIOL 302,COMP 204,CHEM 204,CHEM 212,BIOL 301,BIOL 311
Biology (B.Sc.) (59 credits),BIOL 200,BIOL 201,BIOL 205,BIOL 206,BIOL 215,BIOL 216,BIOL 301,BIOL 302,BIOL 311,COMP 204,CHEM 204,CHEM 212,BIOL 304,BIOL 305,BIOL 308,BIOL 300,BIOL 303,BIOL 313,BIOL 306,BIOL 307
Biology and Mathematics Major (B.Sc.) (76 credits),BIOL 219,BIOL 301,BIOL 395,CHEM 212,COMP 202,COMP 204,MATH 222,MATH 223,MATH 247,MATH 315,MATH 323,BIOL 215,MATH 242,MATH 243,BIOL 466,BIOL 467,BIOL 468,MATH 410,MATH 314,MATH 317,MATH 319,MATH 326,MATH 208,MATH 324,MATH 423,MATH 447,COMP 551,MATH 204,MATH 308,MATH 340,MATH 437,MATH 463,MATH 478,MATH 523,MATH 524,MATH 525,MATH 558,MATH 559,BIOL 206,BIOL 240,BIOL 331,BIOL 334D1,BIOL 334D2,BIOL 432,BIOL 573,BIOL 202,BIOL 205,BIOL 302,BIOL 304,BIOL 305,BIOL 308,BIOL 310,BIOL 324,BIOL 569,BIOL 594,BIOL 202,BIOL 302,BIOL 303,BIOL 304,BIOL 313,BIOL 518,BIOL 569,BIOL 592,BIOL 216,BIOL 306,BIOL 320,BIOL 389,BIOL 530,BIOL 580,NEUR 310,NEUR 507,PHGY 314,PHGY 425,PSYC 427
Biology - Quantitative Biology Honours (B.Sc.) (79 credits),BIOL 219,BIOL 301,BIOL 395,CHEM 212,COMP 202,MATH 222,MATH 223,MATH 247,MATH 315,MATH 323,MATH 324,MATH 325,MATH 356,MATH 357,BIOL 202,BIOL 215,PHYS 230,PHYS 232,PHYS 251,PHYS 253,BIOL 205,BIOL 206,BIOL 304,BIOL 308,BIOL 240,BIOL 331,BIOL 432,BIOL 432,BIOL 435,BIOL 465,BIOL 510,BIOL 515,BIOL 540,BIOL 594,BIOL 319,PHYS 319,PHYS 329,PHYS 346,BIOL 300,BIOL 303,BIOL 306,BIOL 309,BIOL 313,BIOL 518,BIOL 520,BIOL 524,BIOL 530,BIOL 551,BIOL 588,COMP 206,COMP 250,COMP 251,COMP 350,MATH 235,MATH 240,MATH 314,MATH 317,MATH 319,MATH 326,MATH 327,MATH 348,MATH 437,MATH 447,BIEN 310,BIEN 320,BIEN 340,BIEN 510,BIEN 530,CHEM 222,PHYS 242,PHYS 257,PHYS 342,PHYS 434,PHYS 519,PHYS 534,BIOL 310,BIOL 324,MATH 242,MATH 340,MATH 423,MATH 524,MATH 525,PHYS 329
Biotechnology (for Science Students) Minor (B.Sc.) (24 credits),BIOC 212,BIOL 200,BIOL 201,BIOL 202,BIOT 505,MIMM 211,ANAT 541,EXMD 504,PATH 300,CHEE 200,CHEE 204,CHEE 474,CHEM 482,CHEM 502,CHEM 552,FACC 300,ANAT 261,BIOC 503,MIMM 214,MIMM 414,PHGY 513,ECON 208,MGCR 211,MGCR 341,MGCR 352,MGCR 372,MIMM 323,MIMM 324,MIMM 413,MIMM 465,MIMM 466,BIOL 300,BIOL 314,BIOL 520,BIOL 524,BIOL 551,BIOC 311,BIOC 312,BIOC 450,BIOC 454,EXMD 401,EXMD 502,EXMD 503,PHAR 562,PHAR 563,PHGY 518,CHEE 593,CIVE 225,CIVE 430,CIVE 557
Chemical Engineering Minor (B.Sc.) (24 credits),CHEE 200,CHEE 204,CHEE 220,CHEE 314,CHEE 315,CHEE 351
Chemistry Minor (B.Sc.) (20 credits),CHEM 204,CHEM 212,CHEM 267,CHEM 281,CHEM 214,CHEM 219,CHEM 222,CHEM 302,CHEM 334,CHEM 381,CHEM 462
Chemistry - General Liberal Program - Core Science Component (B.Sc.) (49 credits),CHEM 213,CHEM 242,CHEM 252,CHEM 267,CHEM 273,CHEM 281,CHEM 381,MATH 222,CHEM 302,CHEM 345,CHEM 367,CHEM 377,CHEM 392,PHYS 242,CHEM 355,MATH 315
Chemistry Major (B.Sc.) (59 credits),CHEM 213,CHEM 242,CHEM 252,CHEM 267,CHEM 273,CHEM 281,CHEM 302,CHEM 332,CHEM 345,CHEM 355,CHEM 365,CHEM 367,CHEM 377,CHEM 381,CHEM 392,CHEM 493,MATH 222,PHYS 242
Chemistry - Bio-organic Major (B.Sc.) (63 credits),BIOL 200,BIOL 201,CHEM 213,CHEM 242,CHEM 252,CHEM 267,CHEM 273,CHEM 281,CHEM 302,CHEM 345,CHEM 355,CHEM 367,CHEM 377,CHEM 381,CHEM 392,CHEM 493,CHEM 502,MATH 222,PHYS 242,BIOL 202,BIOL 301,CHEM 365,MATH 315,MIMM 211,PHGY 209,PHGY 210
Chemistry: Biophysical Chemistry Major (B.Sc.) (66 credits),BIOL 219,BIOL 319,BIOL 395,CHEM 242,MATH 222,MATH 223,MATH 315,MATH 323,PHYS 329,CHEM 213,CHEM 252,CHEM 267,CHEM 273,CHEM 281,CHEM 345,CHEM 355,CHEM 367,CHEM 377,CHEM 493,PHYS 242,CHEM 302,CHEM 381,BIOL 300,BIOL 301,BIOL 316,BIOL 551,CHEM 302,CHEM 381,CHEM 502,CHEM 514,CHEM 520,CHEM 555,CHEM 575,COMP 208
Chemistry Honours (B.Sc.) (71 credits),CHEM 213,CHEM 242,CHEM 252,CHEM 267,CHEM 273,CHEM 281,CHEM 302,CHEM 332,CHEM 345,CHEM 355,CHEM 365,CHEM 367,CHEM 377,CHEM 381,CHEM 392,CHEM 493,MATH 222,PHYS 242,CHEM 470,CHEM 480
Chemistry - Bio-organic Honours (B.Sc.) (75 credits),BIOL 200,BIOL 201,CHEM 213,CHEM 242,CHEM 252,CHEM 267,CHEM 273,CHEM 281,CHEM 302,CHEM 345,CHEM 355,CHEM 367,CHEM 377,CHEM 381,CHEM 392,CHEM 493,CHEM 502,MATH 222,PHYS 242,CHEM 470,CHEM 480,BIOL 202,BIOL 301,CHEM 365,MATH 315,MIMM 211,MIMM 214,MIMM 314,MIMM 323,PHGY 209,PHGY 210
Chemistry: Biophysical Chemistry Honours (B.Sc.) (75 credits),BIOL 219,BIOL 319,BIOL 395,CHEM 212,MATH 222,MATH 223,MATH 315,MATH 323,PHYS 329,CHEM 213,CHEM 222,CHEM 267,CHEM 273,CHEM 281,CHEM 345,CHEM 355,CHEM 367,CHEM 377,CHEM 470,CHEM 493,PHYS 242,CHEM 302,CHEM 381,BIOL 300,BIOL 301,BIOL 316,BIOL 551,CHEM 302,CHEM 381,CHEM 502,CHEM 514,CHEM 520,CHEM 555,CHEM 575,COMP 208
Cognitive Science Minor (B.Sc.) (24 credits),COMP 206,COMP 230,COMP 250,COMP 251,COMP 302,COMP 330,COMP 527,MATH 240,MATH 318,LING 201,LING 210,LING 260,PHIL 210,PHIL 221,PHIL 306,PHIL 310,PHIL 311,PHIL 341,PHIL 411,PHIL 415,PHIL 441,PHIL 474,PSYC 212,PSYC 213,PSYC 301,PSYC 304,PSYC 310,PSYC 311,PSYC 315,PSYC 319,PSYC 340,PSYC 410,PSYC 413,PSYC 538
Computer Science Minor (B.Sc.) (24 credits),COMP 202,COMP 206,COMP 250,COMP 251,COMP 273,MATH 240
Computer Science Liberal Program - Core Science Component (B.Sc.) (45 credits),COMP 202,COMP 206,COMP 250,COMP 251,COMP 273,MATH 240,MATH 222,MATH 323,MATH 324,MATH 223,MATH 318,MATH 340,COMP 330,COMP 350,COMP 360,COMP 302,COMP 303
Software Engineering Liberal Program - Core Science Component (B.Sc.) (49 credits),COMP 202,COMP 206,COMP 250,COMP 251,COMP 273,COMP 302,COMP 303,COMP 310,COMP 361D1,COMP 361D2,MATH 223,MATH 240,COMP 330,COMP 360,COMP 322,COMP 409,COMP 421,COMP 520,COMP 525,COMP 529,COMP 533,COMP 535,ECSE 326,ECSE 437,ECSE 539
Computer Science Major (B.Sc.) (63 credits),COMP 202,COMP 206,COMP 250,COMP 251,COMP 273,COMP 302,COMP 303,COMP 310,MATH 222,MATH 223,MATH 240,COMP 330,COMP 350,COMP 360,MATH 318,MATH 323,MATH 324,MATH 340
Computer Science - Artificial Intelligence Major (B.Sc.) (63 credits),COMP 202,COMP 206,COMP 250,COMP 251,COMP 273,COMP 302,COMP 303,COMP 424,MATH 222,MATH 223,MATH 240,MATH 323,MATH 324,COMP 330,COMP 350,COMP 360,COMP 310,COMP 421,COMP 451,COMP 551,COMP 345,COMP 370,COMP 417,COMP 445,COMP 511,COMP 514,COMP 545,COMP 549,COMP 550,COMP 558,COMP 562,COMP 565,COMP 579,COMP 585,ECSE 552,ECSE 557
Computer Science and Biology Major (B.Sc.) (74 credits),BIOL 111 & BIOL 112,CHEM 110 & CHEM 120,MATH 133,MATH 140 & MATH 141,or MATH 150 & MATH 151,PHYS 101 & PHYS 102,or PHYS 131 & PHYS 142,BIOL 219,BIOL 301,BIOL 395,CHEM 212,MATH 222,MATH 223,MATH 323,COMP 202,COMP 204,COMP 206,COMP 250,COMP 251,MATH 240,BIOL 202,BIOL 215,COMP 401,COMP 462,COMP 561,MATH 315,MATH 324,COMP 273,BIOL 300,BIOL 303,BIOL 304,BIOL 306,BIOL 308,BIOL 309,BIOL 310,BIOL 313,BIOL 314,BIOL 316,BIOL 319,BIOL 320,BIOL 389,BIOL 416,BIOL 435,BIOL 518,BIOL 520,BIOL 524,BIOL 530,BIOL 532,BIOL 546,BIOL 551,BIOL 568,BIOL 569,BIOL 580,BIOL 588,HGEN 575,NEUR 310
Computer Science - Computer Games Major (B.Sc.) (65 credits),COMP 202,COMP 206,COMP 250,COMP 251,COMP 273,COMP 302,COMP 303,COMP 310,COMP 322,COMP 330,COMP 361D1,COMP 361D2,COMP 557,MATH 222,MATH 223,MATH 240,MATH 323,COMP 350,COMP 360,COMP 308,COMP 424,COMP 521,COMP 529,COMP 533,COMP 551,COMP 559,COMP 409,COMP 421,COMP 535
Computer Science Honours (B.Sc.) (75 credits),COMP 202,COMP 206,COMP 250,COMP 252,COMP 273,COMP 302,COMP 303,COMP 310,COMP 330,COMP 350,COMP 362,COMP 400,MATH 222,MATH 223,MATH 240,MATH 340,MATH 350,MATH 318,MATH 323,MATH 324
Computer Science and Biology Honours (B.Sc.) (77 credits),BIOL 111 & BIOL 112,CHEM 110 & CHEM 120,MATH 133,MATH 140 & MATH 141,or MATH 150 & MATH 151,PHYS 101 & PHYS 102,or PHYS 131 & PHYS 142,BIOL 219,BIOL 301,BIOL 395,CHEM 212,MATH 222,MATH 223,MATH 323,COMP 202,COMP 204,COMP 206,COMP 250,COMP 252,COMP 561,MATH 240,BIOL 202,BIOL 215,COMP 402D1,COMP 402D2,MATH 315,MATH 324,COMP 273,BIOL 300,BIOL 303,BIOL 304,BIOL 306,BIOL 308,BIOL 309,BIOL 310,BIOL 313,BIOL 314,BIOL 316,BIOL 319,BIOL 320,BIOL 389,BIOL 416,BIOL 435,BIOL 518,BIOL 520,BIOL 524,BIOL 530,BIOL 532,BIOL 546,BIOL 551,BIOL 568,BIOL 569,BIOL 580,BIOL 588,HGEN 575,NEUR 310
Software Engineering Major (B.Sc.) (63 credits),COMP 202,COMP 206,COMP 250,COMP 251,COMP 273,COMP 302,COMP 303,COMP 310,COMP 361D1,COMP 361D2,ECSE 429,MATH 223,MATH 240,MATH 222,MATH 323,MATH 324,COMP 330,COMP 360,COMP 409,COMP 523,COMP 525,COMP 529,COMP 533,COMP 555,ECSE 326,ECSE 420,ECSE 424,ECSE 437,ECSE 539,COMP 350,COMP 417,COMP 421,COMP 424,COMP 512,COMP 520,COMP 521,COMP 535,COMP 551,COMP 557,COMP 558,COMP 585
Software Engineering Honours (B.Sc.) (75 credits),COMP 202,COMP 206,COMP 250,COMP 251,COMP 273,COMP 302,COMP 303,COMP 310,COMP 361D1,COMP 361D2,COMP 400,ECSE 429,MATH 223,MATH 240,MATH 222,MATH 323,MATH 324,COMP 330,COMP 360,COMP 409,COMP 523,COMP 525,COMP 529,COMP 533,COMP 555,ECSE 326,ECSE 420,ECSE 424,ECSE 437,ECSE 539,COMP 350,COMP 417,COMP 421,COMP 424,COMP 512,COMP 520,COMP 521,COMP 535,COMP 551,COMP 557,COMP 558,COMP 585
Geology Minor (B.Sc.) (18 credits),EPSC 210,EPSC 212,EPSC 201,EPSC 233,EPSC 231,EPSC 303,EPSC 334,EPSC 350,EPSC 452,EPSC 561
Geochemistry Minor (B.Sc.) (18 credits),EPSC 201,EPSC 210,EPSC 212,EPSC 220,EPSC 325,EPSC 501,EPSC 519,EPSC 549,EPSC 570,EPSC 590
Earth and Planetary Sciences Liberal Program - Core Science Component (B.Sc.) (45 credits),EPSC 210,EPSC 212,EPSC 220,EPSC 231,EPSC 233,EPSC 303,EPSC 320,EPSC 331,EPSC 341,EPSC 334,EPSC 340,EPSC 350,EPSC 355,EPSC 423,EPSC 425,EPSC 445,EPSC 452,EPSC 501,EPSC 519,EPSC 530,EPSC 547,EPSC 548,EPSC 549,EPSC 550,EPSC 551,EPSC 552,EPSC 561,EPSC 567,EPSC 570,EPSC 590,ESYS 300,ESYS 301,ESYS 500
Geology Major (B.Sc.) (66 credits),EPSC 210,EPSC 212,EPSC 220,EPSC 231,EPSC 233,EPSC 240,EPSC 303,EPSC 320,EPSC 340,MATH 222,EPSC 355,EPSC 423,EPSC 425,EPSC 445,EPSC 452,GEOG 272,EPSC 519,EPSC 325,EPSC 549,EPSC 561,EPSC 590,GEOG 305,EPSC 331,EPSC 334,EPSC 470D1,EPSC 470D2,EPSC 482,EPSC 501,EPSC 520,EPSC 522,EPSC 525,EPSC 530,EPSC 547,EPSC 548,EPSC 567,GEOG 201,GEOG 322
Geology Honours (B.Sc.) (75 credits),EPSC 210,EPSC 212,EPSC 220,EPSC 231,EPSC 233,EPSC 240,EPSC 303,EPSC 320,EPSC 340,EPSC 480D1,EPSC 480D2,MATH 222,MATH 314,MATH 315,EPSC 355,EPSC 423,EPSC 425,EPSC 445,EPSC 452,GEOG 272,EPSC 325,EPSC 519,EPSC 549,EPSC 561,EPSC 590,GEOG 305,EPSC 331,EPSC 334,EPSC 350,EPSC 482,EPSC 501,EPSC 510,EPSC 520,EPSC 522,EPSC 525,EPSC 530,EPSC 547,EPSC 548,EPSC 567,GEOG 201,GEOG 322
Planetary Sciences Honours (B.Sc.) (78 credits),EPSC 210,EPSC 212,EPSC 220,EPSC 231,EPSC 233,EPSC 240,EPSC 303,EPSC 320,EPSC 340,EPSC 350,EPSC 423,EPSC 480D1,EPSC 480D2,EPSC 510,EPSC 570,MATH 222,MATH 223,MATH 314,MATH 315,MATH 317,MATH 319,PHYS 340,PHYS 230,PHYS 251,EPSC 334,EPSC 425,EPSC 445,EPSC 501,EPSC 519,EPSC 520,EPSC 530,EPSC 547,EPSC 548,EPSC 549,EPSC 550,EPSC 551,EPSC 552,EPSC 561,EPSC 567,EPSC 590
Earth System Science Minor (B.Sc.) (18 credits),ESYS 200,ESYS 300,ESYS 301,ESYS 500
Earth System Science Major (B.Sc.) (57 credits),ENVR 201,ESYS 200,ESYS 300,ESYS 301,ESYS 500,MATH 222,EPSC 340,MATH 203,COMP 202,COMP 208,ATOC 214,ATOC 219,EPSC 210,EPSC 220,GEOG 308,GEOG 314,GEOG 428,ENVR 200,GEOG 203,BIOL 215,ENVR 202,ANTH 339,GEOG 217,GEOG 221,GEOG 300,GEOG 310,ATOC 215,ATOC 309,ATOC 312,ATOC 315,ATOC 404,ATOC 512,ATOC 513,ATOC 519,ATOC 521,ATOC 525,ATOC 531,ATOC 540,ATOC 541,BIOL 308,BIOL 309,BIOL 310,BIOL 432,BIOL 441,BIOL 465,BIOL 540,BIOL 573,BREE 217,BREE 319,BREE 509,BREE 510,BREE 533,ECON 347,ECON 405,EPSC 212,EPSC 320,EPSC 325,EPSC 331,EPSC 334,EPSC 340,EPSC 341,EPSC 350,EPSC 355,EPSC 423,EPSC 425,EPSC 445,EPSC 452,EPSC 519,EPSC 525,EPSC 530,EPSC 549,EPSC 561,EPSC 567,EPSC 590,GEOG 272,GEOG 305,GEOG 321,GEOG 322,GEOG 351,GEOG 372,GEOG 401,GEOG 414,GEOG 470,GEOG 495,GEOG 505,GEOG 506,GEOG 530,GEOG 535,GEOG 536,GEOG 550,MATH 314,MATH 315,MATH 317,MATH 319,MATH 323,MATH 326,MATH 423,MATH 437,MATH 447,MATH 525,PHYS 331,PHYS 340,PHYS 342,PHYS 404,PHYS 432
Earth System Science Honours (B.Sc.) (66 credits),ENVR 201,ESYS 200,ESYS 300,ESYS 301,ESYS 480D1,ESYS 480D2,ESYS 500,MATH 222,MATH 315,EPSC 340,MATH 203,COMP 202,COMP 208,ATOC 214,ATOC 219,EPSC 210,EPSC 220,GEOG 308,GEOG 314,GEOG 428,ENVR 200,GEOG 203,BIOL 215,ENVR 202,ANTH 339,GEOG 217,GEOG 221,GEOG 300,GEOG 310,ATOC 215,ATOC 309,ATOC 312,ATOC 315,ATOC 404,ATOC 512,ATOC 513,ATOC 515,ATOC 519,ATOC 521,ATOC 525,ATOC 531,ATOC 540,ATOC 541,BIOL 308,BIOL 309,BIOL 310,BIOL 432,BIOL 441,BIOL 465,BIOL 540,BIOL 573,BREE 217,BREE 319,BREE 509,BREE 510,BREE 533,ECON 347,ECON 405,EPSC 212,EPSC 320,EPSC 325,EPSC 331,EPSC 334,EPSC 340,EPSC 341,EPSC 350,EPSC 355,EPSC 423,EPSC 425,EPSC 445,EPSC 452,EPSC 519,EPSC 525,EPSC 530,EPSC 549,EPSC 561,EPSC 567,EPSC 590,GEOG 272,GEOG 305,GEOG 321,GEOG 322,GEOG 351,GEOG 372,GEOG 401,GEOG 414,GEOG 470,GEOG 495,GEOG 505,GEOG 506,GEOG 530,GEOG 535,GEOG 536,GEOG 550,MATH 314,MATH 317,MATH 319,MATH 323,MATH 326,MATH 423,MATH 437,MATH 447,MATH 525,PHYS 331,PHYS 340,PHYS 342,PHYS 404,PHYS 432
Entrepreneurship for Science Students Minor (B.Sc.) (18 credits),INTG 215,MGPO 362,MGPO 364,MGCR 211,MGCR 222,MGCR 331,MGCR 341,MGCR 352,MGCR 372,MGCR 382,MGCR 423,MGCR 460,BUSA 465,MGPO 438,MIMM 387
Field Studies Minor (B.Sc.) (18 credits),ANTH 451,BIOL 451,GEOG 451,ANTH 416,BIOL 428,BIOL 429,GEOG 404,GEOG 408,GEOG 423,HIST 498,REDM 405,WILD 420,ATOC 341,BIOL 343,FSCI 444,GEOG 340,AEBI 421,AEBI 423,AEBI 425,AEBI 427,BIOL 553,ENVR 451,AGRI 550,GEOG 498,GEOG 404,HIST 510,ATOC 373,EPSC 373,GEOG 373,ATOC 473,EPSC 473,GEOG 473
Geography Minor (B.Sc.) (18 credits),GEOG 203,GEOG 272,GEOG 201,GEOG 210,GEOG 216,GEOG 217,GEOG 221
GIS & Remote Sensing Minor (B.Sc.) (18 credits),GEOG 201,GEOG 314,COMP 202,GEOG 333,ATOC 309,GEOG 308,GEOG 414,ATOC 309,COMP 250,ESYS 300,GEOG 202,GEOG 308,GEOG 384,GEOG 414,GEOG 428,GEOG 506,GEOG 535
Geography Liberal Program - Core Science Component (B.Sc.) (49 credits),GEOG 201,GEOG 203,GEOG 272,GEOG 290,GEOG 351,BIOL 373,GEOG 202,MATH 203,PSYC 204,SOCI 350,GEOG 305,GEOG 321,GEOG 322,GEOG 372,GEOG 373,GEOG 470,GEOG 471,GEOG 308,GEOG 314,GEOG 384,GEOG 414,ENVR 200,ENVR 201,ENVR 202,ESYS 200,ESYS 300,GEOG 302,GEOG 360,GEOG 438,GEOG 460,GEOG 210,GEOG 216,GEOG 217,GEOG 221,GEOG 303,GEOG 310,GEOG 311,GEOG 315,GEOG 495,GEOG 496,GEOG 401,GEOG 404,GEOG 505,GEOG 506,GEOG 530,GEOG 535,GEOG 536,GEOG 550,GEOG 555
Geography Major (B.Sc.) (58 credits),GEOG 201,GEOG 203,GEOG 272,GEOG 290,GEOG 351,BIOL 373,GEOG 202,MATH 203,PSYC 204,SOCI 350,GEOG 305,GEOG 321,GEOG 322,GEOG 372,GEOG 373,GEOG 470,GEOG 471,GEOG 495,GEOG 496,GEOG 308,GEOG 314,GEOG 384,GEOG 414,GEOG 428,ENVR 200,ENVR 201,ENVR 202,ESYS 200,ESYS 300,GEOG 302,GEOG 360,GEOG 438,GEOG 460,GEOG 210,GEOG 216,GEOG 217,GEOG 221,GEOG 303,GEOG 310,GEOG 311,GEOG 315,GEOG 401,GEOG 404,GEOG 505,GEOG 506,GEOG 530,GEOG 535,GEOG 536,GEOG 550,GEOG 555
Geography Honours (B.Sc.) (66 credits),GEOG 201,GEOG 203,GEOG 272,GEOG 351,GEOG 381,GEOG 491D1,GEOG 491D2,GEOG 210,GEOG 216,GEOG 217,GEOG 221,GEOG 303,GEOG 310,GEOG 311,GEOG 315,BIOL 373,GEOG 202,MATH 203,PSYC 204,SOCI 350,GEOG 305,GEOG 321,GEOG 322,GEOG 372,GEOG 470,GEOG 471,GEOG 495,GEOG 496,GEOG 308,GEOG 314,GEOG 384,GEOG 414,GEOG 428,ENVR 200,ENVR 201,ENVR 202,ESYS 200,ESYS 300,GEOG 302,GEOG 360,GEOG 438,GEOG 460,GEOG 401,GEOG 404,GEOG 505,GEOG 506,GEOG 530,GEOG 535,GEOG 536,GEOG 550,GEOG 555
Immunology (Interdepartmental) Honours (B.Sc.) (75 credits),BIOC 212,BIOL 200,BIOL 201,CHEM 212,CHEM 222,MIMM 211,MIMM 214,PHGY 209,ANAT 261,BIOC 311,BIOC 312,MIMM 314,PHGY 419D1,PHGY 419D2,PHGY 513,PHGY 531,BIOL 373,MATH 203,PSYC 204,ANAT 214,ANAT 262,BIOL 202,BIOL 205,BIOL 304,CHEM 203,CHEM 204,COMP 204,COMP 250,MATH 204,MIMM 211,MIMM 212,PHGY 209,PHGY 210,BIOC 220,BIOC 320,BIOL 301,MIMM 384,MIMM 385,PHGY 212,PHGY 213,ANAT 365,BIOL 300,BIOL 309,BIOL 314,CHEM 302,MATH 222,MATH 315,MIMM 323,MIMM 324,PATH 300,PHAR 300,PHAR 301,PHAR 303,PHGY 311,PHGY 312,PHGY 313,PHGY 314,BIOC 503,MIMM 414,MIMM 509,ANAT 458,BIOC 404,BIOC 450,BIOC 454,BIOC 458,BIOC 503,BIOL 520,EXMD 504,MIMM 413,MIMM 414,MIMM 465,MIMM 466,MIMM 509,NEUR 502,PHAR 503,PHAR 504,PHGY 488
Interdisciplinary Life Sciences Minor (B.Sc.) (24 credits),ANAT 212,ANAT 214,ANAT 261,ANAT 262,ANAT 321,ANAT 365,ANAT 381,BIOC 212,BIOC 311,BIOC 450,BIOC 458,BIOL 200,BIOL 201,BIOL 202,BIOL 300,BIOL 301,BIOL 303,BIOL 306,BIOL 314,BIOL 320,CHEM 212,CHEM 222,CHEM 302,CHEM 502,CHEM 503,EXMD 401,MIMM 211,MIMM 214,MIMM 314,MIMM 323,MIMM 324,MIMM 387,MIMM 465,MIMM 466,NSCI 201,NUTR 307,PATH 300,PHAR 300,PHAR 301,PHAR 303,PHAR 503,PHAR 504,PHGY 209,PHGY 210,PHGY 311,PHGY 312,PHGY 313,PHGY 314,PSYC 211,PSYC 311,PSYC 317,PSYC 318,PSYC 342,ANTH 204,ANTH 227,ANTH 302,ANTH 314,ECON 440,GEOG 221,GEOG 303,HIST 249,HIST 335,HIST 350,HIST 381,HIST 424,HSEL 308,HSEL 309,PHIL 237,PHIL 343,POLI 417,PSYC 215,PSYC 304,PSYC 333,PSYC 412,PSYC 413,PSYC 414,SOCI 225,SOCI 309,SOCI 310,SOCI 365,SOCI 515,SOCI 525,SOCI 538,BIOL 309,BIOL 373,COMP 202,COMP 462,GEOG 202,MATH 203,MATH 204,MATH 323,MATH 324,PSYC 204,PSYC 305
Kinesiology Minor (B.Sc.) (24 credits),EDKP 206,EDKP 261,EDKP 395,PHGY 209,PHGY 210,EDKP 330,EDKP 394,EDKP 396,EDKP 405,EDKP 444,EDKP 445,EDKP 446,EDKP 447,EDKP 448,EDKP 449,EDKP 485,EDKP 495,EDKP 498,EDKP 566
Management (For Non-Management Students) Minor (B.Sc.) (18 credits),MGCR 211,MGCR 222,MGCR 271,MGCR 293,MGCR 331,MGCR 341,MGCR 352,MGCR 372,MGCR 382
Mathematics Minor (B.Sc.) (24 credits),MATH 222,MATH 223,MATH 315
Statistics Minor (B.Sc.) (27 credits),MATH 222,MATH 223,MATH 323,MATH 324,MATH 423,CHEM 593,COMP 451,COMP 551,GEOG 351,MATH 208,MATH 209,MATH 308,MATH 427,MATH 447,MATH 523,MATH 524,MATH 525,MATH 545,MATH 556,MATH 557,MATH 558,MATH 559,MATH 562,PHYS 362,PHYS 559,SOCI 504
Mathematics Liberal Program - Core Science Component (B.Sc.) (45 credits),MATH 133,MATH 140,MATH 141,MATH 317,MATH 318,MATH 327,MATH 335,MATH 340,MATH 417,MATH 204,MATH 324,MATH 423,MATH 447,MATH 523,MATH 525,MATH 317,MATH 319,MATH 324,MATH 326,MATH 327,MATH 417,MATH 318,MATH 338,MATH 346,MATH 348,MATH 317,MATH 319,MATH 327,MATH 329,MATH 417,MATH 423,MATH 430,MATH 447,MATH 523,MATH 525,MATH 222,MATH 235,MATH 236,MATH 242,MATH 243,MATH 249,MATH 314,MATH 315,MATH 316,MATH 323,MATH 317,MATH 324,MATH 335,MATH 340,MATH 204,MATH 208,MATH 308,MATH 318,MATH 319,MATH 326,MATH 327,MATH 329,MATH 338,MATH 346,MATH 348,MATH 352,MATH 378,MATH 410,MATH 417,MATH 423,MATH 430,MATH 447,MATH 451,MATH 462,MATH 463,MATH 510,MATH 523,MATH 524,MATH 525,MATH 545
Statistics Liberal Program - Core Science Component (B.Sc.) (48 credits),MATH 133,MATH 140,MATH 141,COMP 202,MATH 204,MATH 222,MATH 235,MATH 236,MATH 242,MATH 323,MATH 324,MATH 423,MATH 203,COMP 250,COMP 350,MATH 209,MATH 243,MATH 314,MATH 315,MATH 316,MATH 317,MATH 326,MATH 327,MATH 329,MATH 340,MATH 350,MATH 378,MATH 417,MATH 430,MATH 463,COMP 551,MATH 208,MATH 308,MATH 410,MATH 420,MATH 427,MATH 447,MATH 462,MATH 510,MATH 523,MATH 524,MATH 525,MATH 527D1,MATH 527D2,MATH 545,MATH 556,MATH 557,MATH 558,MATH 559,MATH 598,WCOM 314
Mathematics Major (B.Sc.) (54 credits),MATH 133,MATH 140,MATH 141,MATH 317,MATH 318,MATH 327,MATH 335,MATH 340,MATH 417,MATH 204,MATH 324,MATH 423,MATH 447,MATH 523,MATH 525,MATH 317,MATH 319,MATH 324,MATH 326,MATH 327,MATH 417,MATH 318,MATH 338,MATH 346,MATH 348,MATH 317,MATH 319,MATH 327,MATH 329,MATH 417,MATH 423,MATH 430,MATH 447,MATH 523,MATH 525,MATH 222,MATH 235,MATH 236,MATH 242,MATH 243,MATH 249,MATH 314,MATH 315,MATH 316,MATH 323,MATH 317,MATH 324,MATH 335,MATH 340,MATH 204,MATH 208,MATH 308,MATH 318,MATH 319,MATH 326,MATH 327,MATH 329,MATH 338,MATH 346,MATH 348,MATH 352,MATH 378,MATH 410,MATH 417,MATH 423,MATH 427,MATH 430,MATH 447,MATH 451,MATH 462,MATH 463,MATH 478,MATH 510,MATH 523,MATH 525,MATH 545
Statistics Major (B.Sc.) (54 credits),MATH 133,MATH 140,MATH 141,MATH 204,MATH 208,MATH 222,MATH 235,MATH 236,MATH 242,MATH 243,MATH 323,MATH 324,MATH 423,MATH 523,MATH 203,COMP 208,COMP 250,COMP 251,COMP 350,MATH 209,MATH 314,MATH 315,MATH 316,MATH 317,MATH 326,MATH 327,MATH 329,MATH 340,MATH 350,MATH 378,MATH 417,MATH 430,MATH 463,COMP 451,COMP 551,MATH 308,MATH 410,MATH 420,MATH 427,MATH 447,MATH 462,MATH 510,MATH 524,MATH 525,MATH 527D1,MATH 527D2,MATH 545,MATH 556,MATH 557,MATH 558,MATH 559,MATH 598,WCOM 314
Mathematics and Computer Science Major (B.Sc.) (72 credits),MATH 133,MATH 140,MATH 141,COMP 202,COMP 206,COMP 250,COMP 251,COMP 273,COMP 302,COMP 310,COMP 330,COMP 360,MATH 222,MATH 235,MATH 236,MATH 242,MATH 315,MATH 317,MATH 318,MATH 323,MATH 340,MATH 204,MATH 208,MATH 308,MATH 319,MATH 324,MATH 326,MATH 327,MATH 329,MATH 338,MATH 346,MATH 348,MATH 378,MATH 410,MATH 417,MATH 423,MATH 427,MATH 430,MATH 447,MATH 463,MATH 478
Statistics and Computer Science Major (B.Sc.) (72 credits),MATH 133,MATH 140,MATH 141,COMP 202,COMP 206,COMP 250,COMP 251,COMP 273,COMP 302,COMP 330,COMP 350,COMP 360,MATH 222,MATH 223,MATH 235,MATH 236,MATH 242,MATH 314,MATH 317,MATH 323,MATH 324,MATH 423,MATH 204,MATH 208,MATH 308,MATH 327,MATH 340,MATH 350,MATH 352,MATH 410,MATH 427,MATH 447,MATH 523,MATH 524,MATH 525,MATH 527D1,MATH 527D2,MATH 545,MATH 558,MATH 559,MATH 578,MATH 598,COMP 424,COMP 462,COMP 540,COMP 547,COMP 551,COMP 564,COMP 567
Applied Mathematics Honours (B.Sc.) (63 credits),MATH 133,MATH 150,MATH 151,COMP 250,COMP 252,MATH 222,MATH 247,MATH 251,MATH 255,MATH 325,MATH 350,MATH 356,MATH 357,MATH 358,MATH 376,MATH 470,MATH 475,MATH 242,MATH 254,MATH 235,MATH 245,MATH 249,MATH 466,MATH 387,MATH 397,MATH 204,MATH 208,MATH 308,MATH 329,MATH 338,MATH 430,MATH 451,MATH 462,MATH 478,COMP 362,MATH 352,MATH 365,MATH 377,MATH 398,MATH 454,MATH 455,MATH 456,MATH 457,MATH 458,MATH 462,MATH 480,MATH 488
Mathematics Honours (B.Sc.) (63 credits),MATH 133,MATH 150,MATH 151,MATH 222,MATH 249,MATH 251,MATH 255,MATH 325,MATH 356,MATH 358,MATH 454,MATH 455,MATH 456,MATH 457,MATH 470,MATH 242,MATH 254,MATH 235,MATH 245,MATH 350,MATH 357,MATH 458,MATH 475,MATH 488,MATH 518,MATH 550,MATH 552,MATH 553,MATH 564,MATH 565,MATH 566,MATH 570,MATH 571,MATH 576,MATH 577,MATH 580,MATH 581,MATH 587,MATH 589,MATH 590,MATH 591,MATH 592,MATH 318,MATH 378,MATH 430,MATH 451,MATH 462,MATH 352,MATH 365,MATH 376,MATH 377,MATH 387,MATH 398,MATH 480
Statistics Honours (B.Sc.) (63 credits),MATH 133,MATH 150,MATH 151,COMP 250,MATH 208,MATH 222,MATH 247,MATH 251,MATH 255,MATH 356,MATH 357,MATH 470,MATH 533,MATH 547,MATH 587,MATH 589,MATH 329,MATH 430,MATH 524,MATH 545,MATH 547,COMP 206,COMP 251,COMP 370,COMP 424,COMP 551,MATH 308,MATH 350,MATH 378,MATH 462,MATH 517,MATH 562,MATH 563,MATH 242,MATH 254,MATH 235,MATH 245,COMP 206,COMP 252,MATH 248,MATH 325,MATH 350,MATH 352,MATH 358,MATH 376,MATH 387,MATH 397,MATH 398,MATH 454,MATH 455,MATH 458,MATH 466,MATH 475,MATH 478,MATH 480,MATH 527D1,MATH 527D2,MATH 204,MATH 308,MATH 511,MATH 523,MATH 524,MATH 525,MATH 545,MATH 547,MATH 556,MATH 557,MATH 558,MATH 559,MATH 587,MATH 589,MATH 329,MATH 378,MATH 427,COMP 370,COMP 424,COMP 451,COMP 551,COMP 579,COMP 588,MATH 430,MATH 462,MATH 510,MATH 562,MATH 594,MATH 598
Statistics and Computer Science Honours (B.Sc.) (79 credits),MATH 133,MATH 140,MATH 141,COMP 202,COMP 206,COMP 250,COMP 252,COMP 273,COMP 302,COMP 330,COMP 362,MATH 247,MATH 248,MATH 251,MATH 255,MATH 356,MATH 357,MATH 533,MATH 242,MATH 254,MATH 235,MATH 245,MATH 387,MATH 397,MATH 523,MATH 524,MATH 525,MATH 527D1,MATH 527D2,MATH 556,MATH 557,MATH 558,MATH 559,MATH 350,MATH 352,MATH 454,MATH 462,MATH 545,MATH 563,MATH 578,MATH 587,MATH 594,COMP 424,COMP 462,COMP 540,COMP 547,COMP 551,COMP 552,COMP 564,COMP 567
Mathematics and Computer Science Honours (B.Sc.) (78 credits),MATH 133,MATH 150,MATH 151,COMP 206,COMP 250,COMP 252,COMP 273,COMP 302,COMP 310,COMP 330,COMP 362,MATH 222,MATH 251,MATH 255,MATH 350,COMP 202,COMP 204,COMP 208,MATH 242,MATH 254,MATH 235,MATH 245,MATH 248,MATH 358,MATH 356,MATH 357,MATH 387,MATH 454,MATH 455,MATH 456,MATH 457
Microbiology and Immunology Liberal Program - Core Science Component (B.Sc.) (50 credits),BIOL 200,BIOL 202,CHEM 212,MIMM 211,MIMM 212,MIMM 214,BIOC 212,BIOL 201,BIOL 373,MATH 203,PSYC 204,MIMM 301,MIMM 314,MIMM 323,MIMM 324,MIMM 384,MIMM 385,MIMM 387,MIMM 413,MIMM 414,MIMM 465,MIMM 466,MIMM 509,ANAT 261,ANAT 262,ANAT 365,ANAT 458,BIOC 311,BIOC 312,BIOC 450,BIOC 454,BIOC 458,BIOL 300,BIOL 309,BIOL 314,BIOT 505,CHEM 203,CHEM 204,CHEM 222,CHEM 302,COMP 204,COMP 206,COMP 250,EXMD 504,MIMM 387,MIMM 390,MIMM 391,MIMM 413,MIMM 414,MIMM 465,MIMM 466,MIMM 496D1,MIMM 496D2,MIMM 497D1,MIMM 497D2,MIMM 509,PATH 300,PHAR 300,PHAR 301,PHGY 209,PHGY 210
Microbiology and Immunology Major (B.Sc.) (66 credits),BIOL 200,BIOL 202,CHEM 212,CHEM 222,MIMM 211,MIMM 212,MIMM 214,BIOC 212,BIOL 201,BIOL 373,MATH 203,PSYC 204,BIOC 311,MIMM 301,MIMM 314,MIMM 323,MIMM 324,MIMM 384,MIMM 385,MIMM 413,MIMM 414,MIMM 465,MIMM 466,ANAT 261,ANAT 262,ANAT 365,ANAT 458,BIOC 312,BIOC 450,BIOC 454,BIOC 458,BIOL 300,BIOL 309,BIOL 314,BIOT 505,CHEM 203,CHEM 204,CHEM 302,COMP 204,COMP 206,COMP 250,EXMD 504,MIMM 387,MIMM 390,MIMM 391,MIMM 414,MIMM 465,MIMM 466,MIMM 496D1,MIMM 496D2,MIMM 497D1,MIMM 497D2,MIMM 509,PATH 300,PHAR 300,PHAR 301,PHGY 209,PHGY 210
Microbiology and Immunology Honours (B.Sc.) (72 credits),BIOL 200,BIOL 202,CHEM 212,CHEM 222,MIMM 211,MIMM 212,MIMM 214,BIOC 212,BIOL 201,BIOL 373,MATH 203,PSYC 204,BIOC 311,MIMM 301,MIMM 314,MIMM 323,MIMM 324,MIMM 384,MIMM 385,MIMM 413,MIMM 501D1,MIMM 501D2,MIMM 502D1,MIMM 502D2,MIMM 414,MIMM 465,MIMM 466,ANAT 261,ANAT 262,ANAT 365,ANAT 458,BIOC 312,BIOC 404,BIOC 450,BIOC 454,BIOC 458,BIOL 300,BIOL 309,BIOL 314,BIOL 520,BIOT 505,CHEM 203,CHEM 204,CHEM 302,COMP 204,COMP 206,COMP 250,EXMD 504,MIMM 387,MIMM 390,MIMM 391,MIMM 414,MIMM 465,MIMM 466,MIMM 509,PATH 300,PHAR 300,PHAR 301,PHAR 562,PHAR 563,PHGY 209,PHGY 210
Neuroscience Minor (B.Sc.) (25 credits),BIOL 200,NSCI 200,NSCI 201,ANAT 212,BIOC 212,BIOL 201,BIOL 202,BIOL 300,BIOL 306,BIOL 320,BIOL 389,CHEM 212,NEUR 310,PHGY 311,PHGY 314,PSYC 302,PSYC 311,PSYC 315,PSYC 317,PSYC 318,PSYC 342,BIOL 530,BIOL 532,BIOL 580,BIOL 588,NEUR 502,PHGY 425,PHGY 451,PHGY 524,PHGY 556,PSYC 410,PSYC 415,PSYC 427,PSYC 433,PSYC 444,PSYC 470,PSYC 506,PSYC 514,PSYC 522,PSYC 526,PSYT 500
Neuroscience Major (B.Sc.) (65 credits),BIOL 112,CHEM 110,CHEM 120,MATH 139,MATH 140,MATH 141,MATH 150,MATH 151,PHYS 101,PHYS 102,PHYS 131,PHYS 142,BIOL 200,CHEM 212,NSCI 200,NSCI 201,NSCI 300,NSCI 400D1,NSCI 400D2,PSYC 311,BIOL 373,MATH 324,PSYC 305,COMP 202,COMP 204,BIOL 309,MATH 222,BIOC 311,BIOL 202,PHGY 311,BIOC 212,BIOL 201,MIMM 214,PHAR 300,PHGY 311,BIOC 212,BIOL 201,BIOL 306,PHGY 314,ANAT 321,BIOL 309,COMP 206,COMP 250,MATH 222,MATH 223,PSYC 213,PSYC 318,BIOL 306,PHGY 314,ANAT 321,PSYC 302,PSYC 317,PSYC 342,BIOL 301,BIOL 389,NSCI 410D1,NSCI 410D2,NSCI 420D1,NSCI 420D2,ANAT 321,BIOC 212,BIOC 311,BIOL 201,BIOL 202,BIOL 300,BIOL 306,BIOL 307,BIOL 320,CHEM 222,COMP 206,COMP 250,MATH 223,MATH 315,MATH 323,MATH 324,MIMM 214,MIMM 314,NEUR 310,PHAR 300,PHGY 210,PHGY 311,PHGY 314,PSYC 213,PSYC 302,PSYC 315,PSYC 317,PSYC 318,PSYC 319,PSYC 342,BIOL 414,BIOL 506,BIOL 530,BIOL 532,BIOL 580,BIOL 588,BMDE 519,COMP 546,MATH 437,MIMM 414,MIMM 509,NEUR 502,NEUR 503,NEUR 507,PHAR 562,PHGY 425,PHGY 451,PHGY 513,PHGY 524,PHGY 556,PSYC 410,PSYC 427,PSYC 433,PSYC 443,PSYC 444,PSYC 470,PSYC 502,PSYC 506,PSYC 513,PSYC 514,PSYC 522,PSYC 526,PSYC 529,PSYT 500
Neuroscience Honours (B.Sc.) (74 credits),BIOC 311,BIOL 200,CHEM 212,NSCI 200,NSCI 201,NSCI 300,NSCI 400D1,NSCI 400D2,NSCI 430D1,NSCI 430D2,PHGY 311,PSYC 311,PSYC 318,BIOC 212,BIOL 201,COMP 202,COMP 204,BIOL 373,MATH 324,PSYC 305,BIOL 309,MATH 222,ANAT 321,BIOL 306,PHGY 314,BIOL 202,BIOL 300,BIOL 301,BIOL 306,BIOL 307,BIOL 320,BIOL 389,CHEM 222,COMP 206,COMP 250,MATH 223,MATH 315,MATH 323,MATH 324,MIMM 214,MIMM 314,NEUR 310,PHAR 300,PHGY 210,PHGY 314,PSYC 213,PSYC 302,PSYC 315,PSYC 317,PSYC 319,PSYC 342,BIOL 414,BIOL 506,BIOL 530,BIOL 532,BIOL 580,BIOL 588,BMDE 519,COMP 546,MATH 437,MIMM 414,MIMM 509,NEUR 502,NEUR 503,NEUR 507,PHAR 562,PHGY 425,PHGY 451,PHGY 513,PHGY 524,PHGY 556,PSYC 410,PSYC 427,PSYC 433,PSYC 443,PSYC 444,PSYC 470,PSYC 502,PSYC 506,PSYC 513,PSYC 514,PSYC 522,PSYC 526,PSYC 529,PSYT 500
Pharmacology Minor (B.Sc.) (24 credits),PHAR 300,PHAR 301,BIOC 212,BIOL 200,BIOL 201,PHGY 209,PHGY 210,PHAR 303,PHAR 503,PHAR 504,PHAR 505,PHAR 508,PHAR 510,PHAR 540,PHAR 562,PHAR 563,PHAR 565,PHAR 599D1,PHAR 599D2
Pharmacology Major (B.Sc.) (67 credits),BIOL 200,BIOL 202,CHEM 212,CHEM 222,PHAR 200,PHAR 201,PHGY 209,PHGY 210,PHGY 212,PHGY 213,BIOC 311,BIOL 301,PHAR 300,PHAR 301,PHAR 303,ANAT 212,BIOC 212,BIOL 201,CHEM 203,CHEM 204,BIOL 373,MATH 203,PSYC 204,PHAR 503,PHAR 504,PHAR 505,PHAR 508,PHAR 510,PHAR 540,PHAR 562,PHAR 563,PHAR 565,ANAT 321,ANAT 322,ANAT 365,ANAT 381,ANAT 458,BIEN 510,BIOC 312,BIOC 450,BIOC 454,BIOC 458,BIOC 470,BIOL 300,BIOL 303,BIOL 306,BIOL 314,BIOT 505,CHEM 302,CHEM 334,CHEM 462,CHEM 502,CHEM 503,CHEM 522,CHEM 552,COMP 204,EXMD 401,EXMD 504,EXMD 509,HGEN 400,MIMM 387,MIMM 414,MIMM 466,NEUR 310,PARA 410,PATH 300,PHAR 503,PHAR 504,PHAR 505,PHAR 508,PHAR 510,PHAR 522D1,PHAR 522D2,PHAR 524,PHAR 540,PHAR 562,PHAR 563,PHAR 565,PHAR 599D1,PHAR 599D2,PHGY 311,PHGY 312,PHGY 313,PHGY 314,PHGY 425,PHGY 524,PPHS 501,PSYC 302,PSYC 305,PSYC 311,PSYC 317,PSYC 318,PSYT 301,PSYT 500,REDM 410
Pharmacology Honours (B.Sc.) (76 credits),BIOL 200,BIOL 202,CHEM 212,CHEM 222,PHAR 200,PHAR 201,PHGY 209,PHGY 210,PHGY 212,PHGY 213,BIOC 311,BIOL 301,PHAR 300,PHAR 301,PHAR 303,PHAR 598D1,PHAR 598D2,ANAT 212,BIOC 212,BIOL 201,CHEM 203,CHEM 204,BIOL 373,MATH 203,PSYC 204,PHAR 390,PHAR 503,PHAR 504,PHAR 505,PHAR 508,PHAR 510,PHAR 540,PHAR 562,PHAR 563,PHAR 565,ANAT 321,ANAT 322,ANAT 365,ANAT 381,ANAT 458,BIEN 510,BIOC 312,BIOC 450,BIOC 454,BIOC 458,BIOC 470,BIOL 300,BIOL 303,BIOL 306,BIOL 314,BIOT 505,CHEM 302,CHEM 334,CHEM 462,CHEM 502,CHEM 503,CHEM 522,CHEM 552,COMP 204,EXMD 401,EXMD 504,EXMD 509,HGEN 400,MIMM 387,MIMM 414,MIMM 466,NEUR 310,PARA 410,PATH 300,PHAR 390,PHAR 503,PHAR 504,PHAR 505,PHAR 508,PHAR 510,PHAR 522D1,PHAR 522D2,PHAR 524,PHAR 540,PHAR 562,PHAR 563,PHAR 565,PHGY 311,PHGY 312,PHGY 313,PHGY 314,PHGY 425,PHGY 524,PPHS 501,PSYC 302,PSYC 305,PSYC 311,PSYC 317,PSYC 318,PSYT 301,PSYT 500,REDM 410
Physics Minor (B.Sc.) (18 credits),PHYS 257,PHYS 230,PHYS 251,PHYS 232,PHYS 253,PHYS 241,PHYS 258,PHYS 224,PHYS 228,PHYS 260,PHYS 320,PHYS 346,PHYS 340,PHYS 350
Electrical Engineering Minor (B.Sc.) (24 credits),ECSE 200,ECSE 210,ECSE 303,ECSE 330,ECSE 305,ECSE 334
Physics Liberal Program - Core Science Component (B.Sc.) (45 credits),CHEM 110,CHEM 120,PHYS 131,PHYS 142,BIOL 111,BIOL 112,MATH 133,MATH 140,MATH 141,MATH 150,MATH 151,MATH 222,MATH 223,MATH 314,MATH 315,PHYS 230,PHYS 232,PHYS 241,PHYS 257,PHYS 258,PHYS 333,PHYS 340,PHYS 346,PHYS 328,PHYS 331,PHYS 339,PHYS 342,PHYS 434,PHYS 447
Physics Major (B.Sc.) (63 credits),CHEM 110,CHEM 120,MATH 133,PHYS 131,PHYS 142,MATH 140,MATH 141,MATH 150,MATH 151,COMP 208,MATH 223,MATH 314,MATH 315,PHYS 230,PHYS 232,PHYS 241,PHYS 257,PHYS 258,PHYS 331,PHYS 339,PHYS 340,PHYS 342,PHYS 346,PHYS 447,MATH 222,PHYS 329,PHYS 333,PHYS 319,PHYS 320,PHYS 321,PHYS 328,PHYS 359,PHYS 404,PHYS 432,PHYS 434,PHYS 449,PHYS 459D1,PHYS 459D2,PHYS 469,PHYS 479,PHYS 512,PHYS 519,PHYS 521
Physics: Biological Physics Major (B.Sc.) (82 credits),BIOL 219,BIOL 395,CHEM 212,MATH 222,MATH 223,MATH 315,MATH 323,PHYS 319,PHYS 329,BIOL 202,MATH 314,PHYS 230,PHYS 232,PHYS 241,PHYS 257,PHYS 258,PHYS 340,PHYS 342,PHYS 346,PHYS 449,PHYS 519,COMP 202,COMP 250,PHYS 328,PHYS 331,PHYS 339,PHYS 359,PHYS 469,CHEM 514,MATH 437,PHGY 425,PHYS 432,PHYS 434,PHYS 447,BIOL 300,BIOL 301,BIOL 303,BIOL 306,BIOL 313,BIOL 316,BIOL 551
Physics and Geophysics Major (B.Sc.) (69 credits),CHEM 110,CHEM 120,PHYS 131,PHYS 142,BIOL 111,BIOL 112,MATH 133,MATH 140,MATH 141,MATH 150,MATH 151,EPSC 231,EPSC 240,EPSC 303,EPSC 320,MATH 222,MATH 223,MATH 314,MATH 315,PHYS 230,PHYS 232,PHYS 241,PHYS 257,PHYS 258,PHYS 331,PHYS 333,PHYS 340,PHYS 342,PHYS 346,PHYS 432,EPSC 350,EPSC 425,EPSC 482,EPSC 510,EPSC 520,EPSC 549,MATH 319,PHYS 320,PHYS 321,PHYS 339,PHYS 404,EPSC 482,PHYS 449,PHYS 459D1,PHYS 459D2,PHYS 512,PHYS 521
Physics and Computer Science Major (B.Sc.) (66 credits),CHEM 110,CHEM 120,PHYS 131,PHYS 142,BIOL 111,BIOL 112,MATH 133,MATH 140,MATH 141,MATH 150,MATH 151,COMP 250,MATH 222,MATH 223,MATH 240,PHYS 230,PHYS 257,PHYS 258,COMP 206,COMP 251,COMP 302,COMP 350,MATH 314,MATH 315,PHYS 232,PHYS 241,COMP 360,MATH 323,PHYS 331,PHYS 339,PHYS 340,PHYS 346,PHYS 489
Physics Honours (B.Sc.) (81 credits),CHEM 110,CHEM 120,MATH 133,PHYS 131,PHYS 142,MATH 140,MATH 141,MATH 150,MATH 151,MATH 247,MATH 248,MATH 249,MATH 325,MATH 475,PHYS 241,PHYS 251,PHYS 253,PHYS 257,PHYS 258,PHYS 260,PHYS 350,PHYS 351,PHYS 352,PHYS 357,PHYS 362,PHYS 457,MATH 222,PHYS 359,PHYS 469,PHYS 359,PHYS 459D1,PHYS 459D2,PHYS 469,PHYS 479,PHYS 404,PHYS 432,PHYS 434,PHYS 479,PHYS 512,PHYS 514,PHYS 519,PHYS 521,PHYS 534,PHYS 551,PHYS 557,PHYS 558,PHYS 559,PHYS 562,PHYS 567
Physics: Biological Physics Honours (B.Sc.) (82 credits),BIOL 219,BIOL 395,CHEM 212,MATH 247,MATH 315,MATH 323,PHYS 319,PHYS 329,BIOL 202,MATH 248,PHYS 241,PHYS 251,PHYS 253,PHYS 257,PHYS 258,PHYS 346,PHYS 350,PHYS 352,PHYS 459D1,PHYS 459D2,PHYS 519,COMP 202,COMP 250,PHYS 328,PHYS 351,PHYS 339,PHYS 359,PHYS 469,CHEM 514,MATH 437,PHGY 425,PHYS 432,PHYS 434,PHYS 447,BIOL 300,BIOL 301,BIOL 303,BIOL 306,BIOL 313,BIOL 316,BIOL 551
Physics and Chemistry Honours (B.Sc.) (80 credits),CHEM 110,CHEM 120,PHYS 131,PHYS 142,BIOL 111,BIOL 112,MATH 133,MATH 140,MATH 141,MATH 150,MATH 151,CHEM 212,CHEM 213,CHEM 273,CHEM 281,CHEM 355,CHEM 365,CHEM 493,CHEM 556,CHEM 574,COMP 208,MATH 247,MATH 248,MATH 249,MATH 325,PHYS 241,PHYS 251,PHYS 257,PHYS 258,PHYS 350,PHYS 352,PHYS 357,PHYS 457,PHYS 558,MATH 222,CHEM 593,PHYS 559,CHEM 480D1,CHEM 480D2,CHEM 505,CHEM 531,CHEM 575,CHEM 585,PHYS 351,PHYS 359,PHYS 404,PHYS 434,PHYS 459D1,PHYS 459D2,PHYS 469,PHYS 479,PHYS 512,PHYS 562
Physics and Computer Science Honours (B.Sc.) (81 credits),COMP 206,COMP 250,COMP 252,COMP 273,COMP 302,COMP 350,MATH 240,MATH 247,MATH 248,MATH 249,MATH 314,MATH 325,PHYS 241,PHYS 251,PHYS 253,PHYS 257,PHYS 258,PHYS 350,PHYS 352,PHYS 357,PHYS 362,PHYS 457,MATH 222,COMP 400,PHYS 479,COMP 303,COMP 310,COMP 330,COMP 362,MATH 323,MATH 340,PHYS 351,PHYS 359,PHYS 404,PHYS 432,PHYS 434,PHYS 469
Mathematics and Physics Honours (B.Sc.) (81 credits),CHEM 110,CHEM 120,PHYS 131,PHYS 142,BIOL 111,BIOL 112,MATH 133,MATH 140,MATH 141,MATH 150,MATH 151,MATH 235,MATH 248,MATH 249,MATH 325,PHYS 241,PHYS 251,PHYS 257,PHYS 258,PHYS 260,MATH 255,MATH 475,PHYS 253,PHYS 350,PHYS 351,PHYS 357,PHYS 362,PHYS 457,MATH 454,MATH 458,PHYS 352,PHYS 359,MATH 247,MATH 251,MATH 242,MATH 254,MATH 455,MATH 456,PHYS 404,PHYS 432,PHYS 459D1,PHYS 459D2,PHYS 479,PHYS 512,PHYS 514,PHYS 519,PHYS 521,PHYS 551,PHYS 557,PHYS 558,PHYS 559,PHYS 562,PHYS 567
Physiology Liberal Program - Core Science Component (B.Sc.) (48 credits),BIOL 200,BIOL 202,BIOL 301,CHEM 212,CHEM 222,PHGY 200,PHGY 209,PHGY 210,PHGY 212,PHGY 213,PHGY 312,PHGY 313,BIOC 212,BIOL 201,PHGY 311,PHGY 314,BIOL 309,BIOL 373,COMP 204,COMP 250,PSYC 305,BIOL 532,BMDE 505,BMDE 519,EXMD 502,EXMD 503,EXMD 506,EXMD 507,EXMD 508,MIMM 414,MIMM 509,PHGY 425,PHGY 451,PHGY 459D1,PHGY 459D2,PHGY 461D1,PHGY 461D2,PHGY 488,PHGY 502,PHGY 513,PHGY 515,PHGY 516,PHGY 518,PHGY 524,PHGY 525,PHGY 531,PHGY 550,PHGY 556,PHGY 560,PSYC 470,PSYT 500
Physiology Major (B.Sc.) (66 credits),BIOL 200,BIOL 202,CHEM 222,PHGY 209,PHGY 210,PHGY 212,PHGY 213,BIOC 311,BIOL 301,PHGY 311,PHGY 312,PHGY 313,PHGY 314,BIOC 212,BIOL 201,BIOL 309,BIOL 373,COMP 204,COMP 250,PSYC 305,BIOC 312,CHEM 203,CHEM 204,ANAT 214,ANAT 261,ANAT 316,BIOL 532,BMDE 505,BMDE 519,EXMD 502,EXMD 503,EXMD 506,EXMD 507,EXMD 508,MIMM 414,MIMM 509,PHGY 425,PHGY 451,PHGY 459D1,PHGY 459D2,PHGY 461D1,PHGY 461D2,PHGY 488,PHGY 502,PHGY 513,PHGY 515,PHGY 516,PHGY 518,PHGY 524,PHGY 525,PHGY 531,PHGY 550,PHGY 556,PHGY 560,PSYC 470,PSYT 500,ANAT 321,ANAT 322,ANAT 365,ANAT 381,ANAT 416,ANAT 458,ANAT 541,ANAT 542,ANAT 565,BIOC 458,BIOL 300,BIOL 303,BIOL 309,BIOL 313,BIOL 314,BIOL 324,BIOL 373,BIOL 389,BIOL 416,BIOL 468,BIOL 518,BIOL 520,BIOL 524,BIOL 532,BIOL 544,BIOL 546,BIOL 551,BIOL 588,CHEM 214,EXMD 401,EXMD 502,EXMD 503,EXMD 504,EXMD 506,EXMD 507,EXMD 508,EXMD 510,HGEN 575,NEUR 310,PHAR 503,PHAR 504,PHAR 562,PHAR 563,PPHS 501,PSYC 302,PSYC 311,PSYC 317,PSYC 318,PSYC 342,PSYC 410,PSYC 427,PSYC 470,PSYC 522,PSYC 526,PSYT 500,PHIL 341,PHIL 343,REDM 410
Physiology and Mathematics Major (B.Sc.) (79 credits),BIOL 219,BIOL 395,MATH 222,MATH 223,MATH 247,MATH 315,MATH 323,MATH 325,BIOL 309,BMDE 519,MATH 242,MATH 243,MATH 248,MATH 314,MATH 317,MATH 319,MATH 324,MATH 326,MATH 437,PHGY 209,PHGY 210,PHGY 212,PHGY 213,PHGY 312,PHGY 313,PHGY 461D1,PHGY 461D2,COMP 204,COMP 250,PHGY 311,PHGY 314,PHYS 519
Physiology and Physics Major (B.Sc.) (82 credits),BIOL 219,BIOL 395,MATH 222,MATH 223,MATH 247,MATH 315,MATH 325,PHYS 329,BMDE 519,MATH 248,MATH 314,MATH 326,MATH 437,PHGY 209,PHGY 210,PHGY 212,PHGY 213,PHGY 312,PHGY 313,PHGY 461D1,PHGY 461D2,PHYS 230,PHYS 232,PHYS 241,PHYS 257,PHYS 258,PHYS 339,PHYS 340,PHYS 346,PHGY 311,PHGY 314,PHYS 519
Physiology Honours (B.Sc.) (75 credits),ANAT 261,BIOC 311,BIOL 200,BIOL 202,BIOL 301,CHEM 222,PHGY 209,PHGY 210,PHGY 212,PHGY 213,PHGY 311,PHGY 312,PHGY 313,PHGY 314,PHGY 351,PHGY 359D1,PHGY 359D2,PHGY 459D1,PHGY 459D2,PHGY 461D1,PHGY 461D2,BIOC 212,BIOL 201,BIOL 309,BIOL 373,COMP 204,COMP 250,PSYC 305,BIOC 312,CHEM 203,CHEM 204,BIOL 532,BMDE 519,EXMD 502,EXMD 503,EXMD 506,EXMD 507,EXMD 508,MIMM 414,MIMM 509,PHGY 425,PHGY 451,PHGY 488,PHGY 502,PHGY 513,PHGY 515,PHGY 516,PHGY 518,PHGY 524,PHGY 525,PHGY 531,PHGY 550,PHGY 556,PHGY 560,PSYC 470,PSYT 500
Psychology Minor (B.Sc.) (24 credits),PSYC 211,PSYC 212,PSYC 213,PSYC 215
Psychology Liberal Program - Core Science Component (B.Sc.) (45 credits),PSYC 100,BIOL 111,BIOL 112,PSYC 204,PSYC 211,PSYC 212,PSYC 213,PSYC 215,NSCI 201,PSYC 301,PSYC 302,PSYC 306,PSYC 310,PSYC 311,PSYC 315,PSYC 317,PSYC 318,PSYC 319,PSYC 329,PSYC 340,PSYC 341,PSYC 342,PSYC 352,PSYC 353,PSYC 403,PSYC 406,PSYC 410,PSYC 413,PSYC 415,PSYC 427,PSYC 433,PSYC 439,PSYC 443,PSYC 444,PSYC 470,PSYC 502,PSYC 506,PSYC 513,PSYC 514,PSYC 522,PSYC 526,PSYC 529,PSYC 531,PSYC 537,PSYC 538,PSYC 541,PSYC 545,PSYC 560,PSYC 562,PSYC 304,PSYC 309,PSYC 328,PSYC 331,PSYC 332,PSYC 333,PSYC 337,PSYC 339,PSYC 351,PSYC 408,PSYC 409,PSYC 412,PSYC 414,PSYC 436,PSYC 471,PSYC 473,PSYC 474,PSYC 475,PSYC 483,PSYC 491D1,PSYC 491D2,PSYC 507,PSYC 509,PSYC 512,PSYC 528,PSYC 530,PSYC 535,PSYC 539,PSYC 385,PSYC 450D1,PSYC 450D2,PSYC 484D1,PSYC 484D2,PSYC 485,PSYC 492,PSYC 493,PSYC 499
Psychology Major (B.Sc.) (54 credits),PSYC 100,PSYC 204,BIOL 111,BIOL 112,PSYC 211,PSYC 212,PSYC 213,PSYC 215,PSYC 305,PSYC 301,PSYC 302,PSYC 306,PSYC 310,PSYC 311,PSYC 315,PSYC 317,PSYC 318,PSYC 319,PSYC 329,PSYC 340,PSYC 341,PSYC 342,PSYC 352,PSYC 353,PSYC 403,PSYC 406,PSYC 410,PSYC 413,PSYC 415,PSYC 427,PSYC 433,PSYC 439,PSYC 443,PSYC 444,PSYC 470,PSYC 502,PSYC 506,PSYC 513,PSYC 514,PSYC 522,PSYC 526,PSYC 529,PSYC 531,PSYC 537,PSYC 538,PSYC 541,PSYC 545,PSYC 560,PSYC 562,NSCI 201,PSYC 304,PSYC 309,PSYC 328,PSYC 331,PSYC 332,PSYC 333,PSYC 337,PSYC 339,PSYC 351,PSYC 408,PSYC 409,PSYC 411,PSYC 412,PSYC 414,PSYC 436,PSYC 471,PSYC 473,PSYC 474,PSYC 483,PSYC 491D1,PSYC 491D2,PSYC 507,PSYC 509,PSYC 512,PSYC 528,PSYC 530,PSYC 535,PSYC 539,PSYC 385,PSYC 450D1,PSYC 450D2,PSYC 484D1,PSYC 484D2,PSYC 485,PSYC 492,PSYC 493,PSYC 499
Psychology Honours (B.Sc.) (60 credits),PSYC 100,PSYC 204,BIOL 111,BIOL 112,PSYC 211,PSYC 212,PSYC 213,PSYC 215,PSYC 305,PSYC 306,PSYC 380D1,PSYC 380D2,PSYC 439,PSYC 486,PSYC 487,PSYC 488D1,PSYC 488D2,PSYC 492,NSCI 201,PSYC 301,PSYC 302,PSYC 306,PSYC 310,PSYC 311,PSYC 315,PSYC 317,PSYC 318,PSYC 319,PSYC 329,PSYC 340,PSYC 341,PSYC 342,PSYC 352,PSYC 353,PSYC 403,PSYC 406,PSYC 410,PSYC 413,PSYC 415,PSYC 427,PSYC 433,PSYC 439,PSYC 443,PSYC 444,PSYC 470,PSYC 502,PSYC 506,PSYC 513,PSYC 514,PSYC 522,PSYC 526,PSYC 529,PSYC 531,PSYC 537,PSYC 538,PSYC 541,PSYC 545,PSYC 560,PSYC 562,PSYC 304,PSYC 309,PSYC 328,PSYC 331,PSYC 332,PSYC 333,PSYC 337,PSYC 339,PSYC 351,PSYC 408,PSYC 409,PSYC 411,PSYC 412,PSYC 414,PSYC 436,PSYC 471,PSYC 473,PSYC 474,PSYC 475,PSYC 483,PSYC 491D1,PSYC 491D2,PSYC 507,PSYC 509,PSYC 512,PSYC 528,PSYC 530,PSYC 535,PSYC 539
Natural History Minor (B.Sc.) (24 credits),REDM 400,AEBI 211,ANTH 312,BIOL 205,BIOL 215,BIOL 305,BIOL 350,BIOL 352,BIOL 418,BIOL 427,ENTO 330,EPSC 334,WILD 307,WILD 350,WILD 420,AEBI 210,BIOL 205,BIOL 215,BIOL 240,PLNT 304,PLNT 353,PLNT 358,PLNT 460,BIOL 540,ENVR 200,ENVR 202,EPSC 210,EPSC 233,ESYS 200,ESYS 300,GEOG 203,GEOG 272,GEOG 470,GEOG 550,BIOL 331,BIOL 335,BIOL 573,ENTO 340,EPSC 231,WILD 475
Education for Science Students Minor (B.Sc.) (18 credits),EDEC 260,EDPE 300,EDEC 233,EDEC 248,EDEC 249,EDEC 247,EDEM 220,EDEC 262,EDES 335,EDES 353,EDPE 304,EDPI 341